chunk_id,doc_id,date,period,type,speaker,title,section_title,char_count,text
D01_C001,D01,2024-01-23,pre_end_nirp,statement,日本銀行,当面の金融政策運営について,当面の金融政策運営について,39,日本銀行は、本日、政策委員会・金融政策決定会合において、以下のとおり決定した。
D01_C002,D01,2024-01-23,pre_end_nirp,statement,日本銀行,当面の金融政策運営について,(1)長短金利操作(イールドカーブ・コントロール),42,[1]次回金融政策決定会合までの金融市場調節方針は、以下のとおりとする(全員一致)。
D01_C003,D01,2024-01-23,pre_end_nirp,statement,日本銀行,当面の金融政策運営について,短期金利:,36,日本銀行当座預金のうち政策金利残高に▲0.1%のマイナス金利を適用する。
D01_C004,D01,2024-01-23,pre_end_nirp,statement,日本銀行,当面の金融政策運営について,長期金利:,46,10年物国債金利がゼロ%程度で推移するよう、上限を設けず必要な金額の長期国債の買入れを行う。
D01_C005,D01,2024-01-23,pre_end_nirp,statement,日本銀行,当面の金融政策運営について,[2]長短金利操作の運用(全員一致),114,長期金利の上限は1.0%を目途とし、上記の金融市場調節方針と整合的なイールドカーブの形成を促すため、大規模な国債買入れを継続するとともに、各年限において、機動的に、買入れ額の増額や指値オペ1、共通担保資金供給オペなどを実施する。
D01_C006,D01,2024-01-23,pre_end_nirp,statement,日本銀行,当面の金融政策運営について,(2)資産買入れ方針(全員一致),227,"長期国債以外の資産の買入れについては、以下のとおりとする。

[1]ETFおよびJ-REITについて、それぞれ年間約12兆円、年間約1,800億円に相当する残高増加ペースを上限に、必要に応じて、買入れを行う。

[2]CP等は、約2兆円の残高を維持する。社債等は、感染症拡大前と同程度のペースで買入れを行い、買入れ残高を感染症拡大前の水準(約3兆円)へと徐々に戻していく。ただし、社債等の買入れ残高の調整は、社債の発行環境に十分配慮して進めることとする。"
D01_C007,D01,2024-01-23,pre_end_nirp,statement,日本銀行,当面の金融政策運営について,(2)資産買入れ方針(全員一致),180,"日本銀行は、「貸出増加を支援するための資金供給」について、貸付実行期限を1年間延長することを決定した(全員一致)。

日本銀行は、内外の経済や金融市場を巡る不確実性がきわめて高い中、経済・物価・金融情勢に応じて機動的に対応しつつ、粘り強く金融緩和を継続していくことで、賃金の上昇を伴う形で、2%の「物価安定の目標」を持続的・安定的に実現することを目指していく。"
D01_C008,D01,2024-01-23,pre_end_nirp,statement,日本銀行,当面の金融政策運営について,(2)資産買入れ方針(全員一致),185,「物価安定の目標」の実現を目指し、これを安定的に持続するために必要な時点まで、「長短金利操作付き量的・質的金融緩和」を継続する。マネタリーベースについては、消費者物価指数(除く生鮮食品)の前年比上昇率の実績値が安定的に2%を超えるまで、拡大方針を継続する。引き続き企業等の資金繰りと金融市場の安定維持に努めるとともに、必要があれば、躊躇なく追加的な金融緩和措置を講じる。
D01_C009,D01,2024-01-23,pre_end_nirp,statement,日本銀行,当面の金融政策運営について,(2)資産買入れ方針(全員一致),29,指値オペの利回りは、金利の実勢等を踏まえて、適宜決定する。
D02_C001,D02,2024-02-08,pre_end_nirp,speech,日本銀行副総裁 内田 眞一,【挨拶】 最近の金融経済情勢と金融政策運営 奈良県金融経済懇談会における挨拶,1.はじめに,177,日本銀行の内田でございます。本日は、奈良県の各界を代表する皆様とお話しする機会を賜り、誠にありがとうございます。皆様には、日頃から、日本銀行の業務運営に多大なご協力を頂いております。この場をお借りしまして、改めて厚く御礼を申し上げます。意見交換に先立ちまして、まず私から、わが国の経済・物価情勢と、日本銀行の金融政策運営について、ご説明したいと思います。
D02_C002,D02,2024-02-08,pre_end_nirp,speech,日本銀行副総裁 内田 眞一,【挨拶】 最近の金融経済情勢と金融政策運営 奈良県金融経済懇談会における挨拶,2.経済情勢,269,はじめに、能登半島地震でお亡くなりになられた方々のご冥福をお祈りするとともに、被災された方々に心よりお見舞いを申し上げます。一日も早い復旧・復興を願っております。地震の経済への影響につきましては、生産面では、多くの工場が被災しましたが、現場のご努力により、再開に至るケースも増えています。現地の観光や消費者のマインド面への影響などを含めて、引き続き注視していかなければならない点も多くあります。金沢支店をはじめ、日本銀行の本支店・事務所を通じて、地域の状況をしっかりと把握し、金融機能の維持と資金決済の円滑の確保に、万全を期して参ります。
D02_C003,D02,2024-02-08,pre_end_nirp,speech,日本銀行副総裁 内田 眞一,【挨拶】 最近の金融経済情勢と金融政策運営 奈良県金融経済懇談会における挨拶,2.経済情勢,194,"図表1をご覧ください。わが国経済は、緩やかに回復しています。先行きは、今年度1.8%のあと、24年度が1.2%、25年度が1.0%と、潜在成長率を上回る成長を予想しております。

図表2をご覧ください。企業収益は、大企業・中小企業ともに最高益の水準にあります。そのもとで、今年度の設備投資計画は、人手不足への対応や、脱炭素、デジタル関連などを中心に、前年比12%の増加が見込まれています。"
D02_C004,D02,2024-02-08,pre_end_nirp,speech,日本銀行副総裁 内田 眞一,【挨拶】 最近の金融経済情勢と金融政策運営 奈良県金融経済懇談会における挨拶,2.経済情勢,309,図表3をご覧ください。この間、海外経済は回復ペースが鈍化していますが、先行きは、国・地域ごとのばらつきを伴いつつも、緩やかに成長していく見通しです。米国では、景気の大幅な減速を伴うことなくインフレ率が3%程度まで低下し、市場ではいわゆる「ソフトランディング・シナリオ」が優勢になっています。目標の2%まで低下するにはまだ時間がかかるので警戒は怠れませんが、景気とインフレのトレードオフは緩和され、政策の自由度はやや高まっているように思います。中国経済は、労働市場や不動産市場などに調整圧力を抱えていますが、金融・財政政策の発動余地は大きいので、これらを使って、調整を進めつつ、安定成長を実現していけるか、注目されます。
D02_C005,D02,2024-02-08,pre_end_nirp,speech,日本銀行副総裁 内田 眞一,【挨拶】 最近の金融経済情勢と金融政策運営 奈良県金融経済懇談会における挨拶,2.経済情勢,290,図表4をご覧ください。家計部門では、名目賃金の上昇を主因に、雇用者所得が増加していますが、物価上昇に追いついていません。個人消費は、感染症下で抑制されてきた需要(いわゆるペントアップ需要)に支えられて、赤い線の旅行や外食などの「サービス」が増加しています。一方で、値上がり幅が大きかった食料品や日用品では、低価格商品へのシフトなど生活防衛的な動きがみられ、これらを含む緑色の「非耐久財」は減少しています。青色の全体としての個人消費は、現状、増加のペースは緩やかであり、先行きは、ペントアップ需要が次第に減衰していくことも踏まえますと、賃上げによる所得の改善が重要なカギになります。
D02_C006,D02,2024-02-08,pre_end_nirp,speech,日本銀行副総裁 内田 眞一,【挨拶】 最近の金融経済情勢と金融政策運営 奈良県金融経済懇談会における挨拶,物価の現状と見通し,257,図表5をご覧ください。そこで、賃金と物価についてです。消費者物価(除く生鮮食品)の前年比は、昨年12月は2.3%となりました。内訳をみますと、白の「エネルギー」の寄与が、政府の負担軽減策などからマイナスとなっているほか、水色の「食料品」や、青の「その他の財」も、コスト転嫁の動きがピークアウトする中で、プラス寄与を縮小しています。一方、ピンクの「サービス」の寄与は、緩やかな拡大傾向にあります。これには、インバウンド需要を受けた宿泊料の上昇の寄与が大きいのですが、それ以外の品目にも少しずつ広がりがみられています。
D02_C007,D02,2024-02-08,pre_end_nirp,speech,日本銀行副総裁 内田 眞一,【挨拶】 最近の金融経済情勢と金融政策運営 奈良県金融経済懇談会における挨拶,物価の現状と見通し,214,先行きは、引き続きコスト転嫁の動きが減衰する一方、賃金上昇を伴う形で、サービスなどの価格が上昇していくことを想定しています。「賃金と物価の好循環」に支えられて、基調的な物価上昇率は、25年度にかけて、2%に向けて徐々に高まっていくと考えています。こうした主役の交代を伴いながら、消費者物価(除く生鮮食品)の前年比は、今年度2.8%となったあと、24年度は2.4%、25年度は1.8%と、2%の前後で推移していくと予想しています。
D02_C008,D02,2024-02-08,pre_end_nirp,speech,日本銀行副総裁 内田 眞一,【挨拶】 最近の金融経済情勢と金融政策運営 奈良県金融経済懇談会における挨拶,賃金と物価の好循環,261,こうした見通しが実現するためには、物価から賃金、賃金から物価の双方向で、好循環が強まっていく必要があります。まず、第1の方向、すなわち、物価上昇に応じた賃上げが実現するか、という点ですが、マクロ的な環境の面では、昨年よりも強い材料が増えています。図表6をご覧ください。先ほど申し上げた通り企業収益は高水準にあるほか、人手不足は厳しさを増しています。物価上昇率の反映という意味では、春の労使交渉の時点で参照できるのは、暦年ベースの消費者物価上昇率ですが、これは22年は2.5%、23年は3.2%と今回の方が高くなっています。
D02_C009,D02,2024-02-08,pre_end_nirp,speech,日本銀行副総裁 内田 眞一,【挨拶】 最近の金融経済情勢と金融政策運営 奈良県金融経済懇談会における挨拶,賃金と物価の好循環,271,先月開催した日本銀行の支店長会議でも、「賃上げ実施の機運は、昨年より早い時期から高まってきている」という報告が相次ぎました。ただ、「具体的な賃上げ幅は、同業他社の状況等も踏まえながら決める」とする先も多く、不確実性が残っています。各地域の企業の皆様の声は、会議と同時に公表した『さくらレポート』にまとめてあります。引き続き、全国の本支店・事務所のネットワークを通じて情報を集めていきたいと思います。また、春季労使交渉の動向は、この先順次、数字の形でも明らかになってきます。これらの点を含めて賃上げの動向をしっかりと確認していきたいと思います。
D02_C010,D02,2024-02-08,pre_end_nirp,speech,日本銀行副総裁 内田 眞一,【挨拶】 最近の金融経済情勢と金融政策運営 奈良県金融経済懇談会における挨拶,賃金と物価の好循環,206,第2の方向は、賃金の上昇が販売価格に反映されていくか、という点です。図表7をご覧ください。企業の販売価格の見通しは、1年後は、原材料コストが低下に転じるもとで低下していますが、5年後は、高めの水準を続けています。企業は、この先も人件費などの上昇が続くことを織り込みながら、販売価格を設定していこうとしているようにみえます。先ほどご説明した消費者物価指数においても、このところサービス価格は緩やかに上昇しています。
D02_C011,D02,2024-02-08,pre_end_nirp,speech,日本銀行副総裁 内田 眞一,【挨拶】 最近の金融経済情勢と金融政策運営 奈良県金融経済懇談会における挨拶,賃金と物価の好循環,280,一方で、企業からは、「原材料費とは異なり、人件費の販売価格への転嫁は難しい」という声が聞かれています。そうした厳しい状況にある企業が多いのは事実だと思います。ただ、高水準の企業収益や労働分配率のデータからは、少なくともマクロ的には、ある程度の転嫁が行われていることが示唆されます。労働分配率は、このところ中小企業を含めて、低下しています。もし企業が、昨年春の賃上げ分を全く価格に転嫁できていないのであれば、収益は縮小し、労働分配率は上昇したはずです。この点は、企業ごとのばらつきが大きい可能性もあり、企業間における適正な価格転嫁の重要性を示していると思います。
D02_C012,D02,2024-02-08,pre_end_nirp,speech,日本銀行副総裁 内田 眞一,【挨拶】 最近の金融経済情勢と金融政策運営 奈良県金融経済懇談会における挨拶,賃金と物価の好循環,227,この第2の方向には、春季労使交渉のようなメルクマールになるイベントはありませんが、サービス価格を中心とする物価の動向や、それを支える個人消費の動向などから、総合的に判断していきます。また、支店長の報告では、価格転嫁ができている業種・企業ほど、賃上げに積極的である、という印象を持ちました。これは当たり前のことのようですが、第1と第2の方向の成否が表裏の関係にあることを示しています。そうした観点も持ちながら、この2つを並行して点検していきたいと思います。
D02_C013,D02,2024-02-08,pre_end_nirp,speech,日本銀行副総裁 内田 眞一,【挨拶】 最近の金融経済情勢と金融政策運営 奈良県金融経済懇談会における挨拶,4.日本銀行の金融政策運営,241,次に、日本銀行の金融政策運営についてお話しします。図表8をご覧ください。この2年ほどの間、消費者物価は、日本銀行が目標とする2%を超えて推移していますが、これは主として海外からのコストプッシュを原因とするもので、望ましい姿ではありません。日本銀行は、賃金の上昇を伴う形で、2%の目標を持続的・安定的に実現することを目指しています。そのために現在は、短期の政策金利を-0.1%とし、イールドカーブ・コントロールという枠組みで長期金利を低位に押し下げる、大規模な金融緩和を続けています。
D02_C014,D02,2024-02-08,pre_end_nirp,speech,日本銀行副総裁 内田 眞一,【挨拶】 最近の金融経済情勢と金融政策運営 奈良県金融経済懇談会における挨拶,4.日本銀行の金融政策運営,202,先ほどご説明した見通しでは、消費者物価は、25年度にかけて、「除く生鮮食品」「除く生鮮食品・エネルギー」のどちらで見ても、概ね2%となる姿になっており、その前提として、緩やかな景気回復が続き、賃金と物価の好循環が強まることを想定しています。すなわち、賃金上昇を伴う望ましい形で2%の目標を実現する姿となっています。先行きの不確実性はなお高いですが、こうした見通しが実現する確度は、少しずつ高まっています。
D02_C015,D02,2024-02-08,pre_end_nirp,speech,日本銀行副総裁 内田 眞一,【挨拶】 最近の金融経済情勢と金融政策運営 奈良県金融経済懇談会における挨拶,4.日本銀行の金融政策運営,374,この先、様々なデータや情報を丹念に点検し、賃金と物価の好循環を確認していきます。そして、それをベースに、2%目標の持続的・安定的な実現が見通せるようになれば、こうした大規模な金融緩和は役割を果たしたことになり、その修正を検討することになると考えています。なお、これまで10年以上にわたって大規模な緩和を続けてきましたので、政策修正のタイミングがいつになるにせよ、その前後で、金融市場に不連続な動きを生じさせることがないよう、コミュニケーション、オペレーションの両面で工夫していく必要があると考えています。そうした観点から、個々の政策を修正する場合の基本的な考え方について、可能な範囲で説明していくことは重要だと思います。以下では、この間、エコノミストや記者の皆さんから、よく問われる論点について、現時点で申し上げられることをお話ししたいと思います。
D02_C016,D02,2024-02-08,pre_end_nirp,speech,日本銀行副総裁 内田 眞一,【挨拶】 最近の金融経済情勢と金融政策運営 奈良県金融経済懇談会における挨拶,政策金利,248,まず、マイナス金利については、解除するとしてどのように短期の政策金利を設定するかという論点があります。マイナス金利の導入前には、日本銀行の当座預金取引先の超過準備に0.1%の金利を付利し、取引先でない金融機関との裁定取引が行われる結果、短期金融市場では、無担保コールレートが0~0.1%の範囲で推移していました。仮にこの状態に戻すとすれば、現在の無担保コールレートは-0.1~0%ですので、0.1%の利上げということになります。この点は、主として短期金融市場の機能をどう維持するかという論点です。
D02_C017,D02,2024-02-08,pre_end_nirp,speech,日本銀行副総裁 内田 眞一,【挨拶】 最近の金融経済情勢と金融政策運営 奈良県金融経済懇談会における挨拶,政策金利,440,経済との関係でより重要なのは、その後の短期金利のパスです。基本的な考え方としては、経済・物価の現状と見通しを点検し、「消費者物価が、目標である2%の前後で推移するように、適切な金利水準にする」ということになります。これに基づく実際のパスは、もちろん、今後の経済・物価情勢次第ということになりますが、先ほどご説明した見通しを前提にすれば、仮にマイナス金利を解除しても、その後にどんどん利上げをしていくようなパスは考えにくく、緩和的な金融環境を維持していくことになると思います。図表9をご覧ください。現在、市場においては、きわめて緩やかなパスが想定されています。私どもの経済・物価見通しは、政策金利の前提について、こうした市場の織り込みを参考に作成していますが、それでも物価が2%を大きく上回っていく見通しにはなっていません。また、図表10にありますとおり、現在、わが国の実質金利は大幅なマイナスであり、金融環境はきわめて緩和的です。この状況が大きく変化することは想定されていません。
D02_C018,D02,2024-02-08,pre_end_nirp,speech,日本銀行副総裁 内田 眞一,【挨拶】 最近の金融経済情勢と金融政策運営 奈良県金融経済懇談会における挨拶,政策金利,156,一方で、「2%のインフレ率を前提にすれば、仮に実質ベースの自然利子率がゼロ%としても、中立的な名目金利は2%になるはずだ」あるいは、それをベースに「テイラールールなどの簡易な方法で、あるべき政策金利を計算すると、もっと高い数字になる」といった見方が、特に海外の市場関係者やエコノミストなどからは、よく聞かれます。
D02_C019,D02,2024-02-08,pre_end_nirp,speech,日本銀行副総裁 内田 眞一,【挨拶】 最近の金融経済情勢と金融政策運営 奈良県金融経済懇談会における挨拶,政策金利,464,ここでどちらが正しいかを論じるつもりはなく、あくまで今後の経済・物価情勢次第である、と繰り返させて頂いたうえで、わが国の状況を欧米のアナロジーで考えることには少し無理があります。図表11をご覧ください。米国や欧州では、22年に利上げを開始した時点で、インフレ率は8%を超え、「物価は中長期的には2%程度で推移していくものだ」という人々の信認が維持できなくなる惧れが大きくなっていました。現在のわが国のインフレ率の状況はこれとは大きく異なります。また、「中長期的な予想インフレ率」が2%でアンカーされている欧米とは異なり、わが国では、まだ2%に向けて上昇していく過程にある、という違いもあります。そのことは、予想インフレ率を押し上げるために、また、予想インフレ率が再び下がってしまうリスクも意識しながら、緩和的な政策を行う必要があることを意味します。日本の金融市場では、こうした欧米とは異なる物価のダイナミクスや、予想インフレ率が2%にアンカーされていないこと、およびそれらに伴う不確実性などが意識されている面があるかと思います。
D02_C020,D02,2024-02-08,pre_end_nirp,speech,日本銀行副総裁 内田 眞一,【挨拶】 最近の金融経済情勢と金融政策運営 奈良県金融経済懇談会における挨拶,政策金利,179,逆に言えば、この先、わが国の物価のダイナミクスが変わっていくとして──後ほど詳しく申し上げますように、私どもはそれを目指しています──、そのスピード等によっては、市場の見方が変化していくことも考えられます。さらに言えば、わが国の物価のダイナミクスを変えていくために、その過程では緩和的な金融環境を維持していくことになるだろう、という言い方もできると思います。
D02_C021,D02,2024-02-08,pre_end_nirp,speech,日本銀行副総裁 内田 眞一,【挨拶】 最近の金融経済情勢と金融政策運営 奈良県金融経済懇談会における挨拶,イールドカーブ・コントロールとETF等の買入れ,458,次に、イールドカーブ・コントロールの見直しについてです。この枠組みは、もともと国債買入れによる「量的緩和(QE)」の一類型であり、廃止したらそれで終わりというものではありません。イールドカーブ・コントロールの枠組みを廃止するにせよ、何らかの形で残すにせよ、その後の国債買入れをどうしていくのか、その過程で、いかに市場の安定を保っていくのかは、考えなければなりません。その意味で、イールドカーブ・コントロールとその後の国債買入れの運営は連続的なものです。現在は、「金利」を基準に、買入れの「量」が内生的に決まる仕組みですが、この枠組みを廃止あるいは変更する場合、どのような形で国債買入れのやり方を示していくのが良いのか、その時点の市場の状況を踏まえ、その先の展開も予測しながら、考えます。当然のことながら、見直すのであれば、その方向性は、市場の自由な金利形成をより尊重していく方向になりますが、その前後で不連続な形で、買入れ額が大きく変わったり、金利が急激に上昇するといったことがないよう、丁寧に対応したいと思います。
D02_C022,D02,2024-02-08,pre_end_nirp,speech,日本銀行副総裁 内田 眞一,【挨拶】 最近の金融経済情勢と金融政策運営 奈良県金融経済懇談会における挨拶,イールドカーブ・コントロールとETF等の買入れ,317,また、日本銀行は、大規模緩和の一環として、ETFとJ-REITの買入れを行っていますが、2%目標の持続的・安定的な実現が見通せるようになり、大規模緩和を修正する時には、この買入れもやめるのが自然です。この点、3年前の21年3月には、買入れの方針を転換し、市場が不安定化した時にメリハリをつけて買い入れることとしましたが、それ以降、買入れ金額は小さくなり、昨年は、ETFは2100億円、J-REITはゼロでした。仮に終了して、市場の価格形成に完全に委ねることとしても、市況等への影響は大きくないと思います。もとより、すでに保有している残高の扱いは別の問題です。非常に大きな規模ですので、時間をかけて検討していく必要があると思っています。
D02_C023,D02,2024-02-08,pre_end_nirp,speech,日本銀行副総裁 内田 眞一,【挨拶】 最近の金融経済情勢と金融政策運営 奈良県金融経済懇談会における挨拶,5.日本経済の転換点にあって,153,さて、日本経済は、デフレ経済からの脱却に向けて、大きな転換点にあります。以下では、現在生じている変化を、90年代以降の日本経済の歴史の中に位置づけてお話しし、その変化の中における企業経営のあり方について、考えてみたいと思います。僭越な申しようもあるかと思いますが、論点をシャープにするため、お許しください。
D02_C024,D02,2024-02-08,pre_end_nirp,speech,日本銀行副総裁 内田 眞一,【挨拶】 最近の金融経済情勢と金融政策運営 奈良県金融経済懇談会における挨拶,日本経済の低迷とデフレ,458,図表12をご覧ください。90年代以降、日本経済は、バブルの崩壊とその後の金融危機を経験し、人口減少への対応や、新興国の台頭によるグローバル化への適応がうまくいかなかったこともあって、トレンドとして成長率が下がり、かつ慢性的な需要不足に陥りました。物価上昇率は、98年からマイナスになり、15年間にわたってデフレが続きました。金融政策面では、金利をゼロ%まで引き下げても十分な緩和効果を得ることができず、インフレ率を持ち上げることができませんでした。不足する需要を補うために大規模な財政支出が行われ、また、企業倒産を防ぎ、雇用を守るために、各種の補助金や制度金融が実施されました。こうした状況では、企業が、前向きの投資よりも、内部留保を優先し、現預金を蓄えることは、当然の自衛措置でした。特に2008年のリーマンショックは、それ以前にリスクを取って投資等を行っていた企業には厳しいものとなり、その後は、「無理な拡大は目指さず、次にショックが来ても耐えられるコスト体質を作る」という縮小均衡的な方向がさらに強まりました。
D02_C025,D02,2024-02-08,pre_end_nirp,speech,日本銀行副総裁 内田 眞一,【挨拶】 最近の金融経済情勢と金融政策運営 奈良県金融経済懇談会における挨拶,大規模な金融緩和,409,これに対する根本的な解決策が「成長力の強化」であることは自明です。しかし、その成果が出るまでには時間がかかります。そこに2011年の東日本大震災が重なり、いわゆる「6重苦」といわれる状況になりました。この状況で、日本銀行として、できることをぎりぎりまで模索した結果が、13年の「量的・質的金融緩和」にはじまる大規模緩和でした。潜在成長率と予想インフレ率がともに低い状況では、経済に中立的な金利はきわめて低くなりますので、十分な金融緩和の効果を得るには、金利を大きく引き下げる必要があります。何らかの方法で、金利の「ゼロ%の壁」を乗り越えなければならず、短期金利をマイナスにするか、中長期の金利を押し下げるか、どちらかが必要でした。そして結局、この両方を導入することになります。もちろん、これらは副作用を伴うものであり、「やらなくて済むなら、やらない方が良いこと」ですが、「ではどうするのか」という宿題は残ったはずです。
D02_C026,D02,2024-02-08,pre_end_nirp,speech,日本銀行副総裁 内田 眞一,【挨拶】 最近の金融経済情勢と金融政策運営 奈良県金融経済懇談会における挨拶,大規模な金融緩和,251,さらに、海外では、リーマンショック後に、米国が量的緩和(QE)を導入し、多くの国が非伝統的政策を行いました。私自身は、中央銀行界全体として、どこまで非伝統的な政策を行うべきであったかは、歴史的に問われるべき問題だと思っていますが、個々の中央銀行としてはそれを前提に考えるしかありません。こうした内外の情勢を前提とした場合に、日本銀行として、非伝統的なことはしない、という選択肢はなかったと思っています。もちろん、個々の手段が、効果と副作用を比較して適切だったかは、虚心坦懐に評価していきたいと思います。
D02_C027,D02,2024-02-08,pre_end_nirp,speech,日本銀行副総裁 内田 眞一,【挨拶】 最近の金融経済情勢と金融政策運営 奈良県金融経済懇談会における挨拶,人手不足とグローバルなインフレ,238,図表13をご覧ください。量的・質的金融緩和や、その後のマイナス金利、イールドカーブ・コントロールのもとで、実質金利は短期・長期ともに大幅なマイナスで推移し、自然利子率がいくら低いとはいえ、相当に緩和的な状況を作り出しました。その結果、需要不足は解消し、失業率は大きく低下しました。労働供給面では、女性と高齢者の労働参加率が高まることで対応し、雇用は大幅に増えました。その後、次第にこうした労働供給の余地は狭まっていき、コロナ禍前の17~18年には、人手不足が問題になりました。
D02_C028,D02,2024-02-08,pre_end_nirp,speech,日本銀行副総裁 内田 眞一,【挨拶】 最近の金融経済情勢と金融政策運営 奈良県金融経済懇談会における挨拶,人手不足とグローバルなインフレ,439,このように、金融緩和によって経済に強い刺激を与えて、需要を増やし、労働需給がタイトな状態にすることで、企業などの行動を促すことは、この間の大規模緩和の狙いそのものです。こうした戦略は、一般に「ハイプレッシャー・エコノミー戦略」と呼ばれます。日本銀行は、大規模緩和のかなり早い段階から、「デフレ経済から脱却していく過程では、人手確保の競争は激しくなるはずであり、環境変化を先取りした企業が優位性を確保できる」という趣旨のことを発信していました。実現するのに時間がかかってしまいましたので、企業の皆さんにとって参考にするには、少し早すぎたかもしれませんが、大きな流れとして、そのようになりました。実際に、人手不足への対応は、企業変革や生産性向上のドライバーとなりうるものであり、省人化投資を行ったり、お金にならない非効率なあるいは過剰なサービスをやめる、といった動きが広がっていきました。その後、コロナ禍で見えづらくなりましたが、底流としては、こうした動きは継続していたと思います。
D02_C029,D02,2024-02-08,pre_end_nirp,speech,日本銀行副総裁 内田 眞一,【挨拶】 最近の金融経済情勢と金融政策運営 奈良県金融経済懇談会における挨拶,人手不足とグローバルなインフレ,182,コロナ禍からの回復過程では、世界的なインフレが生じ、わが国にもコストプッシュ型の物価高をもたらしています。これはもちろん望ましくないことですが、人手不足の素地があるもとで、昨年春の賃上げにつながりました。現在のタイトな労働市場は、こうした背景を持つものですから、容易に変わるものではありません。企業は、そのことを前提に、価格戦略を含めて、経営を行う必要があります。
D02_C030,D02,2024-02-08,pre_end_nirp,speech,日本銀行副総裁 内田 眞一,【挨拶】 最近の金融経済情勢と金融政策運営 奈良県金融経済懇談会における挨拶,人手不足経済のもとでの企業経営,457,私は、ここにようやく、わが国経済の「成長力の強化」という根本的な問題を解決する糸口が見えてきたと思っています。人手不足は、個々の企業にとっては困ったことだと思いますが、同時に、チャンスでもあります。賃金を継続的に上げていける収益モデルを作れるかどうか、そして働く人に選ばれる企業になれるかどうか、「働く人の眼」を基準に、個々の企業の変革と新陳代謝が進みます。もちろん、資本主義は競争を伴うものである以上、すべての人にとって良いということにはなりません。「新陳代謝」という言葉は、通常ポジティブな文脈で、あえて言えば多少安易に、使われることがあるように思いますが、生の現実としては、一定数の企業の減少を意味するものです。「無理さえしなければやっていけた」デフレ期の方が良かったという声がでてくるかもしれません。しかし日本経済全体としては、人口が減少する中で、このダイナミズムがなければ、成長力の回復は見込めないのですから、できるだけ移行コストが小さい形で新陳代謝を進めていくというのが、現実的な解決だろうと思います。
D02_C031,D02,2024-02-08,pre_end_nirp,speech,日本銀行副総裁 内田 眞一,【挨拶】 最近の金融経済情勢と金融政策運営 奈良県金融経済懇談会における挨拶,人手不足経済のもとでの企業経営,209,人手不足を契機とする新陳代謝は、失業を生みにくいという点で、相対的に移行コストが小さいものです。それでも、働いていた人たちが、すぐに全員、違う仕事に就くことができるとは限りませんので、痛みは伴います。こうした意味で、最近、「その企業で働く従業員」に魅力を感じて、M&Aや事業承継を行うケースが増えているのは、心強い動きです。地域に密着し、多くの企業と接点を持つ地域金融機関に、ネットワークの役割を期待したいと思います。
D02_C032,D02,2024-02-08,pre_end_nirp,speech,日本銀行副総裁 内田 眞一,【挨拶】 最近の金融経済情勢と金融政策運営 奈良県金融経済懇談会における挨拶,デフレ期のノルム,225,この間、デフレからの転換に際して、経営戦略の障害になってきたのが、「賃金・物価は上がらない、変わらない」という社会的な慣行・ノルムです。企業の皆さんは、デフレのノルムのもとでは、「良い物を作って価格を上げる」という方向に向かいにくかった、と口を揃えます。ただ、このノルムが、経済にどのような経路で悪影響を及ぼしたのかは、必ずしも自明ではありません。経済学の目から見れば、全体のインフレ率がどうであれ、個々の商品の相対価格を変えることは可能なはずです。
D02_C033,D02,2024-02-08,pre_end_nirp,speech,日本銀行副総裁 内田 眞一,【挨拶】 最近の金融経済情勢と金融政策運営 奈良県金融経済懇談会における挨拶,デフレ期のノルム,369,図表14をご覧ください。論拠になりそうな候補のひとつは、こうしたノルムが変われば、賃金の調整がしやすくなるだろうという点です。今でも企業の皆さんが「ベアは固定費になるので、一時金で」と言われることがありますが、これはデフレあるいはゼロインフレを前提とした考え方です。毎年2%程度の物価上昇率が続く経済、つまり欧米や80年代の日本のような経済では、ある年ベアを上げすぎたとしても、翌年以降のベアで調整できるため、固定費にはなりません。そして、全体としての名目賃金が毎年上がるようになれば、個々の企業にとっては、業績等に応じて、あるいは、例えば若年層や専門人材獲得などのために、より柔軟な賃金の調整が可能になります。この点は、デフレ期のノルムを変えるメリットと言えます。ただ、これが社会のゲームチェンジャーなのかというと若干違和感もあります。
D02_C034,D02,2024-02-08,pre_end_nirp,speech,日本銀行副総裁 内田 眞一,【挨拶】 最近の金融経済情勢と金融政策運営 奈良県金融経済懇談会における挨拶,デフレ期のノルム,333,私は、デフレ期のノルムというものは、「賃金や物価が上がらない」という現象に代表させて語られているけれども、その背後にある経済的・社会的・政治的な構造も含んだ複合的なものとして捉える必要があると考えています。すなわち、過当競争と慢性的な需要不足、労働需給の弱さと雇用への不安、さらには「それでも何とかやっていけるようにしていた」各種のセーフティ・ネットなどです。中でも、「賃金を上げなくても人を雇えたこと」が決定的だったのではないかと思っています。この10年、デフレではない状況になったにもかかわらず、このノルムをなかなか解消できなかったのは、労働供給面の対応余地が残っていた中で、これが絞られ、本当の「人手不足経済」が実現するまでに、時間がかかったからだと思います。
D02_C035,D02,2024-02-08,pre_end_nirp,speech,日本銀行副総裁 内田 眞一,【挨拶】 最近の金融経済情勢と金融政策運営 奈良県金融経済懇談会における挨拶,デフレ期のノルム,336,その意味では、現在、海外発のコストプッシュがきっかけとはいえ、実際に賃金が上がり、今度こそ、日本経済が変わる素地が整ってきたと感じます。デフレ期の考え方や慣行から脱却し、賃金と物価が上がる経済、そしてそれが可能なビジネスモデルを企業が工夫し、それに成功した企業が働く人から選ばれることで、全体としても成長力が高まる経済、が実現できるチャンスが巡ってきています。この変化の動きをしっかりと支え、定着させていけるように、金融政策の運営においても、安定した、緩和的な金融環境を維持していきたいと思います。「金利のある世界」は、日本銀行が金利を上げることで実現するものではありません。経済と物価の状況が改善し、金利を上げることがふさわしい状況を実現してはじめて可能になるものです。
D02_C036,D02,2024-02-08,pre_end_nirp,speech,日本銀行副総裁 内田 眞一,【挨拶】 最近の金融経済情勢と金融政策運営 奈良県金融経済懇談会における挨拶,6.奈良県経済の現状と展望,302,最後に、奈良県経済についてお話しさせて頂きます。図表15をご覧ください。人口減少は、どの地域にとっても、長らく最大の懸案でした。「人手不足」の問題を議論すると意見が分かれる、あるいはかみ合わないことがあるのは、人口流出を含めた地域の問題と、日本経済全体の労働需給の問題が混在しているからではないかと思います。ただ、現実として日本全体では、タイトな労働需給は続き、「働く人」がますます貴重な、あるいは希少な経営資源になるという流れは変わりません。各地域の経済にとっては、いかに「人」に選んでもらえるか、を考えていくということになると思います。この点、奈良県には、いくつか、際立った魅力があるように感じます。
D02_C037,D02,2024-02-08,pre_end_nirp,speech,日本銀行副総裁 内田 眞一,【挨拶】 最近の金融経済情勢と金融政策運営 奈良県金融経済懇談会における挨拶,6.奈良県経済の現状と展望,159,大都市への良好なアクセスや業務継続上の優位性、「けいはんな学研都市」をはじめとする高度な研究教育機関の集積などです。奈良女子大学では、新たに工学部が設置され、地元企業とも連携した研究が行われています。こうした人材、立地面の優位性に加え、官民を挙げた誘致活動も相俟って、工場立地件数は、全国でも上位の水準になっています。
D02_C038,D02,2024-02-08,pre_end_nirp,speech,日本銀行副総裁 内田 眞一,【挨拶】 最近の金融経済情勢と金融政策運営 奈良県金融経済懇談会における挨拶,6.奈良県経済の現状と展望,245,さらに、3つの世界遺産をはじめとする数多くの歴史・文化資産のほか、緑豊かな自然景観、これらと調和した街並みなど、豊富な観光資源を備えています。この貴重な資源を活用し、自然美に溶け込む高級ホテルや重要文化財を活用した宿泊施設の建設なども相次いでおり、「滞在型観光」の定着が期待されます。また、墨や筆、茶筌などの伝統工芸のほか、吉野杉や大和野菜など歴史ある産品が数多く継承され、近年は、その伝統を活かしつつも、従来の枠にはとらわれない、新たな商品の開発やサービスの提供も意欲的に行われています。
D02_C039,D02,2024-02-08,pre_end_nirp,speech,日本銀行副総裁 内田 眞一,【挨拶】 最近の金融経済情勢と金融政策運営 奈良県金融経済懇談会における挨拶,6.奈良県経済の現状と展望,126,このように、奈良県では、立地や人材活用の機会、観光資源、伝統工芸など、魅力的な地域の特性を活かして、前向きな取り組みを進めておられます。今後、奈良県経済がますます発展することを祈念しまして、私からのご挨拶とさせて頂きます。ご清聴ありがとうございました。
D03_C001,D03,2024-03-19,end_nirp,statement,日本銀行,金融政策の枠組みの見直しについて,金融政策の枠組みの見直しについて,307,日本銀行は、本日、政策委員会・金融政策決定会合において、賃金と物価の好循環を確認し、先行き、「展望レポート」の見通し期間終盤にかけて、2%の「物価安定の目標」が持続的・安定的に実現していくことが見通せる状況に至ったと判断した。これまでの「長短金利操作付き量的・質的金融緩和」の枠組みおよびマイナス金利政策は、その役割を果たしたと考えている。日本銀行は、引き続き2%の「物価安定の目標」のもとで、その持続的・安定的な実現という観点から、短期金利の操作を主たる政策手段として、経済・物価・金融情勢に応じて適切に金融政策を運営する1。現時点の経済・物価見通しを前提にすれば、当面、緩和的な金融環境が継続すると考えている。
D03_C002,D03,2024-03-19,end_nirp,statement,日本銀行,金融政策の枠組みの見直しについて,金融政策の枠組みの見直しについて,39,以上を踏まえ、金融市場調節方針等については、以下のとおりとすることを決定した。
D03_C003,D03,2024-03-19,end_nirp,statement,日本銀行,金融政策の枠組みの見直しについて,(1)金融市場調節方針(賛成7反対2)(注1),75,"次回金融政策決定会合までの金融市場調節方針は、以下のとおりとする。

無担保コールレート(オーバーナイト物)を、0~0.1%程度で推移するよう促す2。"
D03_C004,D03,2024-03-19,end_nirp,statement,日本銀行,金融政策の枠組みの見直しについて,(2)長期国債の買入れ(賛成8反対1)(注2),98,これまでと概ね同程度の金額3で長期国債の買入れを継続する。長期金利が急激に上昇する場合には、毎月の買入れ予定額にかかわらず、機動的に、買入れ額の増額や指値オペ、共通担保資金供給オペなどを実施する。
D03_C005,D03,2024-03-19,end_nirp,statement,日本銀行,金融政策の枠組みの見直しについて,(3)長期国債以外の資産の買入れ(全員一致),80,"[1]ETFおよびJ-REITについて、新規の買入れを終了する。

[2]CP等および社債等について、買入れ額を段階的に減額し、1年後をめどに買入れを終了する。"
D03_C006,D03,2024-03-19,end_nirp,statement,日本銀行,金融政策の枠組みの見直しについて,(4)貸出増加支援資金供給等の新規実行分の扱い(全員一致),477,"貸出増加支援資金供給、被災地金融機関支援オペ、気候変動対応オペについては、貸付利率を0.1%、貸付期間を1年として実施する。貸出増加支援資金供給については、貸出増加額と同額までの資金供給が受けられる仕組みとする。

わが国の景気は、一部に弱めの動きもみられるが、緩やかに回復している(別紙)。賃金を巡る環境を整理すると、企業収益は改善を続けており、労働需給は引き締まっている。こうしたもと、本年の春季労使交渉では、現時点の結果をみると、昨年に続きしっかりとした賃上げが実現する可能性は高く、本支店における企業からのヒアリング情報でも、幅広い企業で賃上げの動きが続いていることが窺われる。物価面では、既往の輸入物価上昇を起点とする価格転嫁の影響は減衰してきているが、これまでの緩やかな賃金上昇も受けて、サービス価格の緩やかな上昇が続いている。このように、最近のデータやヒアリング情報からは、賃金と物価の好循環の強まりが確認されてきており、先行き、見通し期間終盤にかけて、「物価安定の目標」が持続的・安定的に実現していくことが見通せる状況に至ったと判断した。"
D03_C007,D03,2024-03-19,end_nirp,statement,日本銀行,金融政策の枠組みの見直しについて,(4)貸出増加支援資金供給等の新規実行分の扱い(全員一致),243,(注1)賛成:植田委員、氷見野委員、内田委員、安達委員、中川委員、高田委員、田村委員。反対:中村委員、野口委員。中村委員は、主として大企業に関係するETF買入れ等の終了には賛成であるが、マイナス金利政策は業績回復が遅れている中小企業の賃上げ余力が高まる蓋然性を確認するまで継続すべきとして反対した。野口委員は、賃金と物価の好循環の強まりを慎重に見極めるとともに、金融環境に不連続な変化をもたらすリスクを避ける観点から、長短金利操作とマイナス金利政策の同時撤廃は避けるべきとして反対した。
D03_C008,D03,2024-03-19,end_nirp,statement,日本銀行,金融政策の枠組みの見直しについて,(4)貸出増加支援資金供給等の新規実行分の扱い(全員一致),228,"(注2)賛成:植田委員、氷見野委員、内田委員、安達委員、野口委員、中川委員、高田委員、田村委員。反対:中村委員。中村委員は、金融市場調節方針と同様の理由で反対した。

マネタリーベースの残高に関するオーバーシュート型コミットメントについては、その要件を充足したものと判断する。

この方針を実現するため、日本銀行当座預金(所要準備額相当部分を除く)に0.1%の付利金利を適用する。新たな金融市場調節方針および付利金利は、翌営業日(3月21日)から適用する。"
D03_C009,D03,2024-03-19,end_nirp,statement,日本銀行,金融政策の枠組みの見直しについて,(4)貸出増加支援資金供給等の新規実行分の扱い(全員一致),87,足もとの長期国債の月間買入れ額は、6兆円程度となっている。実際の買入れは、従来同様、ある程度の幅をもって予定額を示すこととし、市場の動向や国債需給などを踏まえて実施していく。
D03_C010,D03,2024-03-19,end_nirp,statement,日本銀行,金融政策の枠組みの見直しについて,経済・物価の現状と見通し,472,わが国の景気は、一部に弱めの動きもみられるが、緩やかに回復している。海外経済は、回復ペースが鈍化している。そうした影響を受けつつも、輸出は横ばい圏内の動きとなっている。鉱工業生産は、基調としては横ばい圏内の動きとなっているが、足もとでは、一部自動車メーカーの生産・出荷停止の影響もあって減少している。企業収益が改善するもとで、設備投資は緩やかな増加傾向にある。雇用・所得環境は緩やかに改善している。個人消費は、物価上昇の影響に加え、一部メーカーの出荷停止による自動車販売の減少などがみられるものの、底堅く推移している。住宅投資は弱めの動きとなっている。公共投資は横ばい圏内の動きとなっている。わが国の金融環境は、緩和した状態にある。物価面では、消費者物価(除く生鮮食品)の前年比をみると、政府の経済対策もあってエネルギー価格の寄与は大きめのマイナスとなっているものの、既往の輸入物価上昇を起点とする価格転嫁の影響が減衰しつつも残るもとで、サービス価格の緩やかな上昇も受けて、足もとは2%程度となっている。予想物価上昇率は、緩やかに上昇している。
D03_C011,D03,2024-03-19,end_nirp,statement,日本銀行,金融政策の枠組みの見直しについて,経済・物価の現状と見通し,374,先行きのわが国経済を展望すると、当面は、海外経済の回復ペース鈍化による下押し圧力を受けるものの、ペントアップ需要の顕在化などに支えられて、緩やかな回復を続けるとみられる。その後は、所得から支出への前向きの循環メカニズムが徐々に強まるもとで、潜在成長率を上回る成長を続けると考えられる。消費者物価(除く生鮮食品)の前年比は、来年度にかけて、既往の輸入物価の上昇を起点とする価格転嫁の影響が減衰するもとで、政府による経済対策の反動がみられることなどから、2%を上回る水準で推移するとみられる。その後は、これらの影響の剥落から、前年比のプラス幅は縮小すると予想される。この間、消費者物価の基調的な上昇率は、マクロ的な需給ギャップがプラスに転じ、中長期的な予想物価上昇率や賃金上昇率も高まるもとで、「物価安定の目標」に向けて徐々に高まっていくと考えられる。
D03_C012,D03,2024-03-19,end_nirp,statement,日本銀行,金融政策の枠組みの見直しについて,経済・物価の現状と見通し,112,リスク要因をみると、海外の経済・物価動向、資源価格の動向、企業の賃金・価格設定行動など、わが国経済・物価を巡る不確実性はきわめて高い。そのもとで、金融・為替市場の動向やそのわが国経済・物価への影響を、十分注視する必要がある。
D04_C001,D04,2024-05-08,post_end_nirp,speech,日本銀行総裁 植田 和男,【講演】 賃金と物価の好循環と今後の金融政策運営 読売国際経済懇話会における講演,1.はじめに,200,"日本銀行の植田でございます。本日は、読売国際経済懇話会でお話しする機会をいただき、ありがとうございます。

日本銀行は、3月の金融政策決定会合で、先行き、「物価安定の目標」が持続的・安定的に実現していくことが見通せる状況に至ったと判断し、金融政策の枠組みを見直しました。2013年4月の「量的・質的金融緩和」の導入以降、11年にわたって続けてきた大規模な金融緩和は、その役割を果たしたと考えています。"
D04_C002,D04,2024-05-08,post_end_nirp,speech,日本銀行総裁 植田 和男,【講演】 賃金と物価の好循環と今後の金融政策運営 読売国際経済懇話会における講演,1.はじめに,109,本日は、こうした決定の背後にある経済・物価の情勢判断を、4月末に公表した「展望レポート」の内容も交えながら改めて整理したうえで、新たな金融政策の枠組みの内容と、先行きの政策運営の考え方についてお話しさせていただきます。
D04_C003,D04,2024-05-08,post_end_nirp,speech,日本銀行総裁 植田 和男,【講演】 賃金と物価の好循環と今後の金融政策運営 読売国際経済懇話会における講演,2.経済情勢,424,それでは、最初に経済情勢です。わが国の景気は、一部に弱めの動きもみられますが、緩やかに回復しています。企業部門をみますと、生産は、一部自動車メーカーの生産・出荷停止の影響もあって、足もとでは減少していますが、基調としては横ばいで推移しています(図表1)。3月短観の業況感をみますと、この自動車の影響で下押しされる業種もみられましたが、全体としては良好な水準を維持しています。企業収益は、価格転嫁が進展するもとで改善しており、設備投資は緩やかな増加傾向をたどっています。家計部門では、個人消費について、これまでの物価上昇による実質所得下押しの影響が、食料品などの非耐久財でみられるほか、生産と同様の要因から、自動車販売が減少しています。もっとも、家計のマインド指標は、賃上げへの期待などを背景に、このところ明確に改善しています。このように、企業・家計の両部門の一部で、一時的とみられる弱さはありますが、所得から支出への前向きの循環は維持されています。
D04_C004,D04,2024-05-08,post_end_nirp,speech,日本銀行総裁 植田 和男,【講演】 賃金と物価の好循環と今後の金融政策運営 読売国際経済懇話会における講演,2.経済情勢,485,先行きについては、海外経済が緩やかに成長していくことに加え、こうした一時的要因も剥落していくことから、しっかりとした成長を続けるとみています。4月の「展望レポート」では、2026年度にかけて、潜在成長率を上回る成長が続くことを想定しています(図表2)。これは、企業・家計の両部門で、先行き、所得から支出への前向きの循環メカニズムが徐々に強まっていくとみているためです。企業部門をみますと、生産は、国内外で需要が緩やかに増加し、グローバルなIT調整の進捗も追い風となるため、増加基調に復していくと考えられます。そうしたもとで、企業収益は改善傾向をたどり、設備投資は増加傾向を続けるとみています。3月短観における企業の設備投資計画では、2024年度も、デジタル化や脱炭素化への対応も念頭にはっきりとした増加が続くことが見込まれており、企業の前向きな投資スタンスが改めて確認されました。家計部門をみますと、後ほど申し上げますように、しっかりとした賃金の上昇が見込まれるもとで、政府による所得税・住民税減税の効果も加わり、家計所得は実質ベースでみても改善していくと考えられます。
D04_C005,D04,2024-05-08,post_end_nirp,speech,日本銀行総裁 植田 和男,【講演】 賃金と物価の好循環と今後の金融政策運営 読売国際経済懇話会における講演,2.経済情勢,36,こうしたもとで、個人消費は、次第に増加トレンドに復していくとみています。
D04_C006,D04,2024-05-08,post_end_nirp,speech,日本銀行総裁 植田 和男,【講演】 賃金と物価の好循環と今後の金融政策運営 読売国際経済懇話会における講演,物価の現状と見通し,413,"続いて、物価です。直近3月の消費者物価(除く生鮮食品)の前年比は、2%台半ばの伸びとなりました(図表3)。2年にわたり、2%を超える物価上昇率が続いていますが、その中身は変化しています。

私は、これまで何度かの講演で、2021年以降の物価の動きを、「第1の力」と「第2の力」に分けて説明してきました(図表4)。ここで、「第1の力」とは、輸入物価上昇を起点としたコストプッシュ圧力が物価を押し上げる力のことです。これに対して、「第2の力」とは、景気が改善するもとで、労働需給の引き締まり等を背景に、賃金と物価が相互に連関しながら伸び率を高めていく力、つまり賃金と物価の好循環を指します。言うまでもなく、「第1の力」は、起点となる輸入物価の上昇圧力が止まれば次第に和らいでいく、一時的な性質のものです。それに対して、「第2の力」は、企業の賃金・価格設定行動の変化を伴いつつ、より持続的に物価上昇率を高めていくことが想定されます。"
D04_C007,D04,2024-05-08,post_end_nirp,speech,日本銀行総裁 植田 和男,【講演】 賃金と物価の好循環と今後の金融政策運営 読売国際経済懇話会における講演,物価の現状と見通し,165,こうした整理を念頭に、改めて最近の物価の動きを確認します(前掲図表3)。食料品を中心とした財価格の上昇率は、このところ明確に縮小しており、「第1の力」が和らいでいることが確認されます。一方、コストに占める人件費の比率が高いサービスでは、価格の緩やかな上昇が続いています。これは、「第2の力」が強まってきていることを示唆しています。
D04_C008,D04,2024-05-08,post_end_nirp,speech,日本銀行総裁 植田 和男,【講演】 賃金と物価の好循環と今後の金融政策運営 読売国際経済懇話会における講演,物価の現状と見通し,269,先行きについても、「第1の力」が和らいでいく一方で、「第2の力」が引き続き強まっていくことを展望しています。4月の「展望レポート」では、生鮮食品とエネルギー価格の影響を除いた消費者物価の上昇率は、2023年度の+3.9%から24年度に+1.9%へと低下したあと、25年度は+1.9%、26年度は+2.1%と伸び率を高めていくと想定しています。生鮮食品を除く消費者物価の上昇率は、政府のエネルギー補助金が縮小・撤廃される影響からやや振れが大きくなりますが、2024年度が2%台後半となったあと、25年度以降は、概ね2%程度で推移する姿です。
D04_C009,D04,2024-05-08,post_end_nirp,speech,日本銀行総裁 植田 和男,【講演】 賃金と物価の好循環と今後の金融政策運営 読売国際経済懇話会における講演,物価の現状と見通し,171,このように、「展望レポート」の見通し計数からは、「第1の力」から「第2の力」へのバトンタッチが進む姿を想定していることが概ね分かるわけですが、物価情勢の評価に当たっては、「第2の力」がもたらす物価のトレンド、すなわち、「基調的な物価上昇率」を捉えることが重要となります。そこで、基調的な物価上昇率についてもう少し詳しくみていきたいと思います。
D04_C010,D04,2024-05-08,post_end_nirp,speech,日本銀行総裁 植田 和男,【講演】 賃金と物価の好循環と今後の金融政策運営 読売国際経済懇話会における講演,物価の現状と見通し,400,基調的な物価上昇率は、単一の指標の動きに基づいて評価できるものではありません。各種の物価指標に加え、物価変動の背後にあるマクロ的な需給ギャップや予想物価上昇率、賃金上昇率など、経済・物価に関する様々な情報を丁寧にみたうえで判断していくものです。そのため、その捕捉は、必ずしも容易ではなく、特に「第1の力」による価格変動が大きい今次局面では、困難な課題です。日本銀行では、従来から物価の基調的な動きをみるために有用と考えられる指標を多く試算していますが、それらは、今次局面のような大幅な輸入物価上昇を想定したものではありませんでした。例えば、「刈込平均値」は価格変動が大きい品目を上下10%分控除した指数です。そのため、広範な品目で一時的に価格が上昇してしまうと、物価の基調を捉えきれなくなってしまいます。今次局面で基調的な物価上昇率を捉えるためには、従来とは異なるアプローチに取り組む必要があります。
D04_C011,D04,2024-05-08,post_end_nirp,speech,日本銀行総裁 植田 和男,【講演】 賃金と物価の好循環と今後の金融政策運営 読売国際経済懇話会における講演,物価の現状と見通し,208,4月の「展望レポート」では、今次局面で、基調的な物価上昇率を捉えるための取り組みとして、(1)物価統計から、従来とは異なる方法で基調的な要素を抽出するアプローチ、(2)インフレ予想の指標に注目するアプローチ、(3)経済モデルからトレンドインフレ率を推計するアプローチ、の3つを紹介しています(図表5)1。これらの指標の動きは様々でその水準にも差はありますが、全体として眺めてみますと、幾つかのことは言えると思います。
D04_C012,D04,2024-05-08,post_end_nirp,speech,日本銀行総裁 植田 和男,【講演】 賃金と物価の好循環と今後の金融政策運営 読売国際経済懇話会における講演,物価の現状と見通し,151,第1に、これらの指標の水準は区々ですが、何れも「物価安定の目標」の2%は下回っています。しかし、第2に、何れの指標も緩やかに上昇しており、基調的な物価上昇率が高まってきていることは、かなり確からしいと窺われます。つまり、基調的な物価上昇率が、現時点では、2%に向けて高まっていく途上にあるとみられます。
D04_C013,D04,2024-05-08,post_end_nirp,speech,日本銀行総裁 植田 和男,【講演】 賃金と物価の好循環と今後の金融政策運営 読売国際経済懇話会における講演,物価の現状と見通し,217,もちろん、これらの指標は、何れも一定の前提や仮定に基づく試算値であり、かなりの幅を持って解釈する必要はあります。例えば、経済モデルから試算したトレンドインフレ率は、モデルの定式化の影響を受けます。また、繰り返しになりますが、基調的な物価上昇率の動向は、これらの分析だけに基づき判断すべきものではありません。企業からのヒアリング情報なども用いて物価変動の背後にあるメカニズムを見極めつつ、多様な観点から総合的に捉えていくことが重要です。
D04_C014,D04,2024-05-08,post_end_nirp,speech,日本銀行総裁 植田 和男,【講演】 賃金と物価の好循環と今後の金融政策運営 読売国際経済懇話会における講演,物価の現状と見通し,40,各アプローチの詳細は、「経済・物価情勢の展望」(2024年4月)BOX4を参照。
D04_C015,D04,2024-05-08,post_end_nirp,speech,日本銀行総裁 植田 和男,【講演】 賃金と物価の好循環と今後の金融政策運営 読売国際経済懇話会における講演,企業の賃金・価格設定行動と賃金と物価の好循環,152,今回の展望レポートでは、基調的な物価上昇率について、見通し期間の後半には2%の「物価安定の目標」と概ね整合的な水準で推移すると評価しています。そのように考えているのは、ここにきて、企業の賃金・価格設定行動の変化が明確化してきたからです。物価から賃金、賃金から物価の双方向で、両者の連関が強まってきました。
D04_C016,D04,2024-05-08,post_end_nirp,speech,日本銀行総裁 植田 和男,【講演】 賃金と物価の好循環と今後の金融政策運営 読売国際経済懇話会における講演,企業の賃金・価格設定行動と賃金と物価の好循環,169,賃金面では、好調な企業収益や労働需給の引き締まりを背景に、物価上昇を賃金に反映する動きが明確になっています。現時点における今年の春季労使交渉の結果をみますと、賃上げ率は5%超、ベアは3%台半ばと、1991年以来の高水準です(図表6)。特に、規模が大きい先では賃上げの動きが顕著であり、その賃金設定行動は、かなり変化してきたと捉えています。
D04_C017,D04,2024-05-08,post_end_nirp,speech,日本銀行総裁 植田 和男,【講演】 賃金と物価の好循環と今後の金融政策運営 読売国際経済懇話会における講演,企業の賃金・価格設定行動と賃金と物価の好循環,401,足もとでは、大企業に続いて中小企業でも賃金交渉が進んでいます。中小企業の業況は、業種や個社によって様々であり、賃上げが容易ではないとの声も聞かれることは認識しています。ただ、日本銀行は、全国に所在する本支店を通じて日頃から幅広い企業の皆様と対話を行っていますが、地域の中小企業を含む多くの先からは、人手不足感は顕著であり、業況が厳しいなかでも、人材確保のため賃上げを検討する、との話が聞かれています。政府が、企業間取引において労務費の適切な価格転嫁が進むよう取り組みを進めていることも、こうした先での賃上げの決断を後押しする方向に作用しているようです。また、過去を振り返りますと、わが国では大企業における妥結結果がいわゆる世間相場を形成し、中小企業の賃金に波及していく傾向があり、昨年も同様の動きはみられました。これらを総合しますと、今年の平均的な賃上げ率は昨年を上回る蓋然性が高い、と判断しています。
D04_C018,D04,2024-05-08,post_end_nirp,speech,日本銀行総裁 植田 和男,【講演】 賃金と物価の好循環と今後の金融政策運営 読売国際経済懇話会における講演,企業の賃金・価格設定行動と賃金と物価の好循環,178,物価面でも、企業の価格設定行動の変化が窺われます。短観の販売価格の見通しをみますと、輸入物価上昇の影響が和らぐもとで、短期の見通しは幾分低下していますが、長期の見通しはさらに伸びを高めています。将来にわたって人件費の上昇が続くことを織り込み、自社の販売価格も緩やかに引き上げていく、といった企業の価格設定行動の変化を示唆しているのではないか、とみています。
D04_C019,D04,2024-05-08,post_end_nirp,speech,日本銀行総裁 植田 和男,【講演】 賃金と物価の好循環と今後の金融政策運営 読売国際経済懇話会における講演,企業の賃金・価格設定行動の変化:過去との比較,190,振り返りますと、わが国では、デフレに突入した1990年代後半以降、賃金・物価が上がりにくいことを前提とした考え方や慣行が人々や企業の間に定着していきました。この間、輸入物価上昇を起点として物価が上昇する局面は、何度かありましたが、企業の賃金・価格設定行動は大きくは変わりませんでした(図表7)。例えば、2000年代後半の局面では、物価が上昇しても、賃金はほとんど伸びませんでした。
D04_C020,D04,2024-05-08,post_end_nirp,speech,日本銀行総裁 植田 和男,【講演】 賃金と物価の好循環と今後の金融政策運営 読売国際経済懇話会における講演,企業の賃金・価格設定行動の変化:過去との比較,368,こうした過去の局面と今回との違いの背景には、今回、かなり大きな輸入物価の上昇に見舞われたということもあります。それに加えて重要なのは、今次局面において、賃金や物価の形成メカニズムに変化をもたらす素地となっている、労働需給の顕著な引き締まりです。わが国の就業者数は、1990年代後半以降、振れを伴いつつも横ばい圏内で推移してきましたが、2010年代半ば以降は、長期にわたり景気の改善基調が続き、労働需要が増加するなかで、はっきりとした増加に転じました。こうしたもと、ベビーブーマー世代の労働市場からの退出といった労働供給面の変化も相まって、このところ労働需給は顕著に引き締まっています。こうした労働需給の引き締まりには、日本銀行が粘り強く実施してきた大規模な金融緩和も、総需要を強く刺激することを通じて、効果を発揮してきたと考えています。
D04_C021,D04,2024-05-08,post_end_nirp,speech,日本銀行総裁 植田 和男,【講演】 賃金と物価の好循環と今後の金融政策運営 読売国際経済懇話会における講演,企業の賃金・価格設定行動の変化:先行き,210,このように、今次局面では、過去みられなかった企業の賃金・価格設定行動の変化がみられました。2年連続で大幅な賃上げが実現し、企業の販売価格見通しもしっかりと上昇してきたのは、デフレ下で社会に根付いた賃金・物価が上がりにくいことを前提とした考え方や慣行が変化してきたことを示しています。先行きも労働需給が引き締まった状況が続くと見込まれることも踏まえますと、企業の賃金・価格設定行動の変化は次第に定着していくと考えています。
D04_C022,D04,2024-05-08,post_end_nirp,speech,日本銀行総裁 植田 和男,【講演】 賃金と物価の好循環と今後の金融政策運営 読売国際経済懇話会における講演,企業の賃金・価格設定行動の変化:先行き,423,こうしたもとでは、より広範に企業の行動が変化していくことを期待しています。私どもが「金融政策の多角的レビュー」の一環として実施している、「企業行動等に関するアンケート調査」では、「物価と賃金がともに緩やかに上昇する状態」と「物価と賃金がともにほとんど変動しない状態」のどちらが事業活動上好ましいかという点について、幅広い企業にお伺いしています(図表8)2。この質問に対し、約7割の企業は、「ともに緩やかに上昇する状態」が望ましいと回答しました。その理由としては、「値上げ抑制のためのコストカットが不要になり、前向きな設備投資や賃上げを行えるようになるから」といったことも指摘されています。言うまでもなく、経済が持続的に拡大していくためには、生産性向上が不可欠です。賃金・物価が上がりにくいことを前提とした考え方や慣行に変化がみられるなか、わが国の企業が、こうした環境を最大限生かし、生産性向上に向けた前向きの動きを強めていくことを期待しています。
D04_C023,D04,2024-05-08,post_end_nirp,speech,日本銀行総裁 植田 和男,【講演】 賃金と物価の好循環と今後の金融政策運営 読売国際経済懇話会における講演,企業の賃金・価格設定行動の変化:先行き,36,2「企業行動等に関するアンケート調査」の調査結果は、近日中の公表を予定。
D04_C024,D04,2024-05-08,post_end_nirp,speech,日本銀行総裁 植田 和男,【講演】 賃金と物価の好循環と今後の金融政策運営 読売国際経済懇話会における講演,物価を巡るリスク,491,ここまで、物価の先行きについて、中心的なシナリオを念頭にお話ししてきましたが、こうした見通しを巡るリスクは、上下双方向に大きいと考えています。ここでは、特に2つのリスクを取り上げたいと思います。第1は、企業の賃金・価格設定行動を巡るリスクです。先ほど申し上げたとおり、企業の賃金・価格設定行動はこのところ積極化してきており、この先、賃金と物価の連関が想定以上に強まり、物価が上振れる可能性はあります。他方、先行き、輸入物価上昇を起点とするコストプッシュ圧力が落ち着くとの想定のもとで、賃金上昇分を含め販売価格への転嫁の動きが一緒に弱まってしまうことがないか、注視する必要があります。第2は、今後の為替相場の変動や国際商品市況の動向、およびその輸入物価や国内価格への波及のリスクです。原油高や為替円安は、輸入物価上昇を起点とするコストプッシュ圧力が落ち着いていく、という見通しの前提を弱める可能性があります。特に、このところ企業の賃金・価格設定行動が積極化するもとで、過去と比べると、為替の変動が物価に影響を及ぼしやすくなっている面があることは、意識しておく必要があると考えています。
D04_C025,D04,2024-05-08,post_end_nirp,speech,日本銀行総裁 植田 和男,【講演】 賃金と物価の好循環と今後の金融政策運営 読売国際経済懇話会における講演,金融政策の枠組みの見直し,188,さて、ここからは、金融政策運営についてお話しします。ここまでお話ししてきましたように、賃金と物価の好循環の強まりは確認されてきており、先行き、2%の「物価安定の目標」が持続的・安定的に実現していくことが見通せる状況となっています。こうしたもとで、冒頭で申し上げたとおり、3月の金融政策決定会合では、過去11年にわたり続けてきた大規模な金融緩和を見直すこととしました(図表9)。
D04_C026,D04,2024-05-08,post_end_nirp,speech,日本銀行総裁 植田 和男,【講演】 賃金と物価の好循環と今後の金融政策運営 読売国際経済懇話会における講演,金融政策の枠組みの見直し,236,具体的には、第1に、短期金利については、無担保コールレート(オーバーナイト物)を0~0.1%程度で推移するよう促すこととしました。マイナス金利政策のもとでは、コールレートは▲0.1~0%で推移してきましたので、0.1%程度の利上げとなります。第2に、イールドカーブ・コントロールの枠組みを撤廃し、長期金利の誘導目標や上限の目途は無くしました。第3に、ETFおよびJ-REITの新規買入れは終了し、CP・社債についても、買入れ額を段階的に減額のうえ、終了することとしました。
D04_C027,D04,2024-05-08,post_end_nirp,speech,日本銀行総裁 植田 和男,【講演】 賃金と物価の好循環と今後の金融政策運営 読売国際経済懇話会における講演,金融政策の枠組みの見直し,388,このように見直した新たな枠組みを一言で表現しますと、2%の「物価安定の目標」のもとで短期金利の操作を主たる政策手段とする、「通常の金融政策の枠組み」と言えます。国債買入れについては、政策枠組みの見直しの前後で不連続が生じることを避ける観点から、現時点では、これまでと概ね同程度の金額で継続することとし、実際の日々の買入れ額については、市場動向などを踏まえて調節していくこととしています。そのもとで、長期金利は、金融市場において形成されることが基本となるため、今後は、長期金利が、海外金利の動向や経済・物価見通しの変化などを反映して変動することは自然であると言えます。また、現在は、3月に見直した国債買入れの枠組みのもとでの金融市場の状況を確認しているところですが、今後、大規模な金融緩和からの出口を進めていくなかで、国債の買入れ額を減額していくことが適当であると考えています。
D04_C028,D04,2024-05-08,post_end_nirp,speech,日本銀行総裁 植田 和男,【講演】 賃金と物価の好循環と今後の金融政策運営 読売国際経済懇話会における講演,金融緩和度合いの評価:実質金利とr*,225,「物価安定の目標」のもとで、短期金利操作によって最適な金融環境を追求していく際に、課題となるのが、「金融緩和度合い」を把握することです3。日本銀行では、金融環境の緩和度合いを、金利動向に加え、金融機関の貸出態度や市場環境等も踏まえて総合的に評価しています。そのうえで、緩和度合いを評価する際に、基礎となるのが、名目金利から予想物価上昇率を引いた実質金利です。この実質金利は、足もと、短期でみても長期でみても、大幅なマイナスとなっています(図表10)。
D04_C029,D04,2024-05-08,post_end_nirp,speech,日本銀行総裁 植田 和男,【講演】 賃金と物価の好循環と今後の金融政策運営 読売国際経済懇話会における講演,金融緩和度合いの評価:実質金利とr*,198,もっとも、実質金利がどの程度緩和的なのかを評価する際には、景気・物価に対して中立的な実質金利と比較する必要があります。この金利水準は、自然利子率r*(アールスター)と呼ばれるものです。直観的に申し上げますと、実質金利がr*より低ければ、家計や企業は支出行動を積極化し、景気・物価を押し上げることになります。逆に実質金利がr*より高ければ、支出行動は抑制され、経済・物価を押し下げることになります。
D04_C030,D04,2024-05-08,post_end_nirp,speech,日本銀行総裁 植田 和男,【講演】 賃金と物価の好循環と今後の金融政策運営 読売国際経済懇話会における講演,金融緩和度合いの評価:実質金利とr*,122,ここで問題になるのが、r*が直接観察できるデータではなく、一定の手法で推計しなければならない点です。様々な推計手法が考案されており、日本銀行のスタッフも様々な試算を行っていますが、手法によってかなり大きなバラツキがあるのが現状です(図表11)。
D04_C031,D04,2024-05-08,post_end_nirp,speech,日本銀行総裁 植田 和男,【講演】 賃金と物価の好循環と今後の金融政策運営 読売国際経済懇話会における講演,金融緩和度合いの評価:実質金利とr*,381,r*の不確実性については、わが国だけではなく、米欧でも盛んに議論されています。r*の推計はそもそも難題ですが、最近の国際情勢の変化を踏まえると、一段とその難易度が高まっていることが背景にあります。すなわち、そもそもr*は貯蓄と投資のバランスによって変化するものですが、地政学的リスクの高まりやグローバル化の変質、脱炭素化の動きなどは、企業の投資行動や国際的な資金移動の変化などを通じて、グローバルにこのバランスを大きく変化させている可能性があります。このほか、わが国特有の事情としては、米欧対比でみても、急速に高齢化が進展しています。このことも、一国全体でみた貯蓄・投資のバランスを変化させ、r*に影響しているかもしれません。また、わが国では、長らく短期金利の引き上げが行われてこなかったため、利上げの経済・物価への影響を試算するのが難しいという問題もあります。
D04_C032,D04,2024-05-08,post_end_nirp,speech,日本銀行総裁 植田 和男,【講演】 賃金と物価の好循環と今後の金融政策運営 読売国際経済懇話会における講演,金融緩和度合いの評価:実質金利とr*,229,そのため、現段階でわが国のr*の水準を特定し、金融環境がどの程度緩和的であるのか、端的にお示しすることは困難です。ただし、様々なr*の試算値をみても、現時点で実質金利がr*を相応に下回っており、金融環境が緩和的であることは確かです。このことは、引き続き、経済をしっかりと支える方向に作用していくと思います。r*の不確実性については、今後の政策運営のなかで、金利の変化が金融環境を介して経済・物価にどの様な影響を及ぼすか、点検していくことになると考えています。
D04_C033,D04,2024-05-08,post_end_nirp,speech,日本銀行総裁 植田 和男,【講演】 賃金と物価の好循環と今後の金融政策運営 読売国際経済懇話会における講演,金融緩和度合いの評価:実質金利とr*,30,3「経済・物価情勢の展望」(2024年4月)BOX5を参照。
D04_C034,D04,2024-05-08,post_end_nirp,speech,日本銀行総裁 植田 和男,【講演】 賃金と物価の好循環と今後の金融政策運営 読売国際経済懇話会における講演,先行きの金融政策運営,99,先行きの金融政策については、毎回の金融政策決定会合で経済・物価の見通しやリスクを点検したうえで、2%の「物価安定の目標」のもとで、その持続的・安定的な実現という観点から、適切に運営していく方針です。
D04_C035,D04,2024-05-08,post_end_nirp,speech,日本銀行総裁 植田 和男,【講演】 賃金と物価の好循環と今後の金融政策運営 読売国際経済懇話会における講演,先行きの金融政策運営,427,そのうえで申し上げますと、先行き、見通しに沿って基調的な物価上昇率が高まっていけば、「物価安定の目標」実現の観点から適切となる金融緩和の程度も変化しますので、緩和度合いを調整していくことになると考えられます。また、経済・物価見通しやそれを巡るリスクが変化すれば、当然、金利を動かす理由となります。この点、先ほども申し上げたとおり、物価を巡るリスクが上下双方向に引き続き大きいことは認識しておく必要があります。仮に、物価見通しが上振れたり、あるいは上振れリスクが大きくなった場合には、金利をより早めに調整していくことが適当になると考えられます。一方、見通しが下振れたり、下振れリスクが高まった場合には、現在の緩和的な環境をより長く維持していくことが求められます。また、経済・物価に対する大きな下方ショックが生じるような場合には、必要があれば、これまで用いてきた様々な非伝統的な手段も含め、あらゆる手段を予め排除することなく、対応を考えていくことになります。
D04_C036,D04,2024-05-08,post_end_nirp,speech,日本銀行総裁 植田 和男,【講演】 賃金と物価の好循環と今後の金融政策運営 読売国際経済懇話会における講演,5.おわりに,191,"本日は、日本銀行の物価情勢の評価と新たな枠組みのもとでの金融政策運営をテーマにお話しさせていただきました。

わが国の基調的な物価上昇率は2%に向けてしっかりと歩を進めており、賃金と物価の好循環の強まりが確認されてきています。日本銀行としては、2%の「物価安定の目標」のもとで、その持続的・安定的な実現という観点から、経済・物価・金融情勢に応じて適切に金融政策を運営してまいります。"
D04_C037,D04,2024-05-08,post_end_nirp,speech,日本銀行総裁 植田 和男,【講演】 賃金と物価の好循環と今後の金融政策運営 読売国際経済懇話会における講演,5.おわりに,390,"最後に、「金融政策の多角的レビュー」について、一言申し上げます。多角的レビューは、昨年4月に開始しましたが、これまで、様々な関係者との意見交換、ワークショップの開催、アンケートの実施などの取り組みを進めてきました。昨年10月には、金融政策決定会合での議論も開始しています。

多角的レビューでは、過去25年間の経済・物価情勢を改めて振り返るとともに、これまで日本銀行が導入してきた様々な非伝統的な手段について、その時々の置かれた環境も踏まえつつ、効果や副作用を整理していきます。非伝統的な手段を、これほど長く、また多様に実施してきた中央銀行はありません。日本銀行としては、こうした豊富な経験を、各分野における有識者の知見も活用しながら多角的に分析し、その成果を、わが国はもとより、各国において、今後の金融政策運営のあり方を考えるうえでの貴重な材料として提供できればと考えています。"
D04_C038,D04,2024-05-08,post_end_nirp,speech,日本銀行総裁 植田 和男,【講演】 賃金と物価の好循環と今後の金融政策運営 読売国際経済懇話会における講演,5.おわりに,15,ご清聴ありがとうございました。
