term,before_score,post_score,difference,favored_group
物価,0.032951941470217905,0.08147500106006683,0.04852305958984893,post
金利,0.0861709231846265,0.04177893551085747,-0.044391987673769034,before
見る,0.008100492957164813,0.051632149868633806,0.04353165691146899,post
残高,0.045276978565205316,0.005429600108738449,-0.03984737845646687,before
委員,0.0,0.039163385549497255,0.039163385549497255,post
上限,0.037768390466727066,0.002184703630184479,-0.03558368683654259,before
影響,0.004232230020193539,0.03890262651519222,0.03467039649499868,post
行う,0.039828045543483466,0.006249012235465694,-0.03357903330801777,before
全員,0.033511117905650464,0.0,-0.033511117905650464,before
決定,0.07191678211026195,0.038422849911344904,-0.03349393219891705,before
一致,0.033111736233492804,0.0,-0.033111736233492804,before
指し値,0.042139659646651256,0.009274917156160535,-0.03286474249049072,before
展望,0.0,0.03281009858203325,0.03281009858203325,post
行動,0.001237744057914407,0.033476434145184454,0.032238690087270046,post
価格,0.013186558758064373,0.04422824449664321,0.03104168573857884,post
基調,0.0017207324793026386,0.031223815560755784,0.029503083081453146,post
動向,0.0064347902905649,0.03492098463585049,0.02848619434528559,post
目指す,0.02740603535381562,0.0,-0.02740603535381562,before
思う,0.033037840488507705,0.0059595879101890575,-0.027078252578318647,before
必要,0.04194511627667233,0.01524866261437792,-0.02669645366229441,before
終了,0.0019762335673682526,0.028301527874717864,0.02632529430734961,post
ゼロ,0.025939080232054518,0.0,-0.025939080232054518,before
拡大,0.026834331261830772,0.0016425627832522345,-0.025191768478578538,before
オペ,0.0473983437984806,0.022216088204493594,-0.025182255593987003,before
年間,0.026232072847709093,0.0015541651616302655,-0.024677907686078828,before
輸入,0.0,0.02335290576512676,0.02335290576512676,post
来る,0.010431124591643618,0.03339030663743184,0.022959182045788222,post
下さる,0.022651882721921115,0.0,-0.022651882721921115,before
足元,0.0,0.02224770958789371,0.02224770958789371,post
反対,0.0,0.02206504830627035,0.02206504830627035,post
当座預金,0.02778770073095285,0.005733583283868308,-0.02205411744708454,before
リスク,0.0027746116189629436,0.02471224858616694,0.021937636967203997,post
上昇率,0.013284904869070998,0.035187936901163695,0.0219030320320927,post
予定額,0.0,0.02182291498399355,0.02182291498399355,post
国債,0.04844758785176481,0.02667422679744311,-0.0217733610543217,before
設定,0.003708087007541618,0.02533178509563925,0.02162369808809763,post
維持,0.024956837308262834,0.003373062868141164,-0.021583774440121672,before
伴う,0.024116461920688833,0.0027476371669413096,-0.021368824753747524,before
御覧,0.02103178354140627,0.0,-0.02103178354140627,before
判断,0.0019853988166736772,0.023001574828843355,0.02101617601216968,post
変化,0.007966856315135773,0.028725640067747513,0.02075878375261174,post
確認,0.003145878141389103,0.023660141206159356,0.020514263064770253,post
言う,0.03689034899425327,0.016500092866658468,-0.020390256127594805,before
起点,0.0,0.02005752982623283,0.02005752982623283,post
以下,0.04627703789850248,0.02625701466305788,-0.0200200232354446,before
中村,0.0,0.019805751959276138,0.019805751959276138,post
需給,0.005276317911039181,0.024855134361789023,0.019578816450749843,post
先行き,0.007472652250966952,0.02681950844628047,0.019346856195313518,post
受ける,0.00220063677777068,0.02108625534711014,0.01888561856933946,post
継続,0.03671371628430201,0.017895989892591474,-0.01881772639171054,before
見通し,0.010706595061930302,0.029033335903192712,0.018326740841262408,post
政策,0.06130387696542699,0.043191367795650366,-0.018112509169776622,before
物価上昇,0.0031815970327854224,0.021077720873334232,0.01789612384054881,post
一部,0.0,0.017642932326826233,0.017642932326826233,post
賃金,0.025810656068261432,0.0432286339266625,0.017417977858401067,post
感染症,0.017410162577301595,0.0,-0.017410162577301595,before
動き,0.01015755255391404,0.027348758567668677,0.017191206013754637,post
レポート,0.0017515595855322752,0.01886609617963419,0.017114536594101913,post
委員会,0.024086397628463863,0.00703633278341666,-0.017050064845047203,before
適用,0.027292086117894628,0.010371348940454193,-0.016920737177440436,before
現時点,0.0016469427851720309,0.018391180303770467,0.016744237518598437,post
とも,0.024759384812761284,0.008348143917939768,-0.016411240894821516,before
減額,0.0,0.01637038468534695,0.01637038468534695,post
つく,0.030980496827387242,0.04721215361905934,0.016231656791672096,post
イールド,0.01824047108739068,0.002084766261068055,-0.016155704826322625,before
カーブ,0.01824047108739068,0.002084766261068055,-0.016155704826322625,before
指標,0.0,0.01612605165673838,0.01612605165673838,post
時点,0.016103124710182687,0.0,-0.016103124710182687,before
観点,0.0035278085275280723,0.01958367627789946,0.016055867750371388,post
段階的,0.0,0.015566684368728533,0.015566684368728533,post
野口,0.0,0.015559888776666255,0.015559888776666255,post
賛成,0.0,0.015559888776666255,0.015559888776666255,post
ナイト,0.0,0.015229434403610659,0.015229434403610659,post
オーバー,0.0,0.015229434403610659,0.015229434403610659,post
程度,0.024040320614455362,0.039130564099973855,0.015090243485518493,post
経済,0.03288527470934627,0.047892677349512275,0.015007402640166007,post
強まり,0.0,0.014952425340661615,0.014952425340661615,post
概ね,0.002277939067193385,0.01719833967061419,0.014920400603420803,post
緩和,0.03807304696447715,0.02327311296911347,-0.014799933995363682,before
局面,0.0,0.014794605195906226,0.014794605195906226,post
消費者物価指数,0.014787778455166654,0.0,-0.014787778455166654,before
日本,0.014787516314538065,0.0,-0.014787516314538065,before
内外,0.014774762064348176,0.0,-0.014774762064348176,before
変動,0.0,0.014620299607034523,0.014620299607034523,post
環境,0.01303834768126514,0.027492322680483364,0.014453974999218223,post
既往,0.0,0.014453118909053231,0.014453118909053231,post
期間,0.0,0.014216728312584416,0.014216728312584416,post
ボックス,0.0,0.014078642155701374,0.014078642155701374,post
改善,0.0032532330460825288,0.017274996362940748,0.01402176331685822,post
要因,0.0,0.013891356307722199,0.013891356307722199,post
人手不足,0.01514648322310495,0.0012994884510540614,-0.013846994772050888,before
措置,0.01382682369165306,0.0,-0.01382682369165306,before
機動,0.023058066470954264,0.009274917156160535,-0.013783149314793729,before
大規模,0.020486589710798198,0.006813678788297579,-0.013672910922500617,before
居る,0.04270739168107101,0.05637649961222424,0.01366910793115323,post
植田,0.0,0.01361262629915859,0.01361262629915859,post
地域,0.014937846378222853,0.0014289216315434947,-0.01350892474667936,before
出来る,0.018339146583884608,0.004855068689921988,-0.01348407789396262,before
従来,0.0022568626749029878,0.015699963020246694,0.013443100345343706,post
考える,0.014213895077323287,0.027562781518608505,0.013348886441285217,post
試算,0.0,0.013323454042958082,0.013323454042958082,post
関する,0.0,0.013290242365234226,0.013290242365234226,post
枠組み,0.005219209428147221,0.018444606352371273,0.013225396924224052,post
アプローチ,0.0,0.013211424356322913,0.013211424356322913,post
横這い,0.0,0.01317259746891453,0.01317259746891453,post
上げる,0.013059144192101945,0.0,-0.013059144192101945,before
越える,0.014801152256836113,0.001827395399081175,-0.012973756857754938,before
応じる,0.02128236736334208,0.00833250761593206,-0.012949859747410019,before
評価,0.001826421829190471,0.014771920794063776,0.012945498964873304,post
マイナス,0.03064361861138449,0.01778155082709274,-0.012862067784291747,before
資金,0.030561152929812034,0.017702004159205705,-0.01285914877060633,before
運営,0.007257334569645301,0.02001464137094179,0.01275730680129649,post
整理,0.0,0.01270595503093205,0.01270595503093205,post
実施,0.011988478171956786,0.02455811328113973,0.012569635109182943,post
ノルム,0.012543564714677697,0.0,-0.012543564714677697,before
デフレ,0.016552378961495674,0.004024120736373768,-0.012528258225121906,before
金融市場,0.045132382270014496,0.032654288925111054,-0.012478093344903442,before
回復,0.00888498412096737,0.021299746512702115,0.012414762391734745,post
現在,0.014926208640038697,0.0027757162061826123,-0.012150492433856085,before
引き締まる,0.0,0.012103216680131666,0.012103216680131666,post
コールレート,0.0037955874351945605,0.015854172756298943,0.012058585321104383,post
対応,0.018070603693931007,0.00603719692077959,-0.012033406773151418,before
終盤,0.0,0.011930313391227368,0.011930313391227368,post
上昇,0.020508236852333814,0.03237609215407123,0.011867855301737416,post
個々,0.011857026567496506,0.0,-0.011857026567496506,before
情勢,0.014167309656889112,0.026011280700739218,0.011843971043850106,post
中川,0.0,0.011697596160970556,0.011697596160970556,post
氷見野,0.0,0.011697596160970556,0.011697596160970556,post
高田,0.0,0.011697596160970556,0.011697596160970556,post
田村,0.0,0.011697596160970556,0.011697596160970556,post
安達,0.0,0.011697596160970556,0.011697596160970556,post
以外,0.011635913255264169,0.0,-0.011635913255264169,before
通り,0.04121015705013065,0.029579984732423133,-0.011630172317707514,before
奈良県,0.011604044670121083,0.0,-0.011604044670121083,before
資産,0.011580333122779436,0.0,-0.011580333122779436,before
続ける,0.005927630434551722,0.01738684627175134,0.01145921583719962,post
推計,0.0,0.01143119025023276,0.01143119025023276,post
戻す,0.0114291816375131,0.0,-0.0114291816375131,before
続く,0.0077540323984895505,0.019155977231590196,0.011401944833100645,post
ベース,0.01767410583897398,0.0062823530363525755,-0.011391752802621405,before
投資,0.005754920962533311,0.017123321537743846,0.011368400575210536,post
おく,0.02946636172002217,0.018104191355052396,-0.011362170364969774,before
避ける,0.0,0.011357053552170777,0.011357053552170777,post
好循環,0.007166672395203726,0.018463553142362435,0.011296880747158709,post
トレンド,0.001572478406557209,0.012844280919320336,0.011271802512763128,post
買い入れる,0.011263737136516282,0.0,-0.011263737136516282,before
政府,0.0021114446893613875,0.013191770489414348,0.01108032580005296,post
後半,0.0,0.01104701325762108,0.01104701325762108,post
見通す,0.003518895900242387,0.014565680703200093,0.011046784802957706,post
おる,0.009767087092657284,0.020795469184295316,0.011028382091638032,post
手段,0.001975874870934677,0.012926152597854913,0.010950277726920235,post
変わる,0.013180136869236962,0.0022446942372832657,-0.010935442631953696,before
ヒアリング,0.0,0.01090398987021752,0.01090398987021752,post
至る,0.0022030659317901886,0.013097191339092307,0.010894125407302118,post
参照,0.002326769510193613,0.013177904661703198,0.010851135151509586,post
窺う,0.0,0.010711375616804627,0.010711375616804627,post
調整,0.014865917375842058,0.004203665431252959,-0.010662251944589099,before
コスト,0.013237372155751635,0.0026028001614996792,-0.010634571994251956,before
インフレ,0.015910815164226932,0.005278233961832649,-0.010632581202394284,before
調査,0.0,0.010582111760392608,0.010582111760392608,post
過去,0.0,0.010561395754988523,0.010561395754988523,post
調節,0.026674761956213253,0.03723168427081768,0.01055692231460443,post
対策,0.0,0.010547039370555289,0.010547039370555289,post
所得,0.003027410027129789,0.013571746070604292,0.010544336043474503,post
捉える,0.001854307073036055,0.012389383713004277,0.010535076639968222,post
粘り強い,0.01243879192008545,0.001910719106602395,-0.010528072813483055,before
取る,0.01052560627983341,0.0,-0.01052560627983341,before
無担保,0.0037955874351945605,0.014255070368499314,0.010459482933304754,post
金額,0.020926846641884517,0.010487407376697502,-0.010439439265187015,before
働く,0.010429308831276754,0.0,-0.010429308831276754,before
意味,0.010419129357934417,0.0,-0.010419129357934417,before
メカニズム,0.0,0.010347075682321415,0.010347075682321415,post
出荷,0.0,0.010127688238052759,0.010127688238052759,post
停止,0.0,0.010127688238052759,0.010127688238052759,post
景気,0.004983203645918395,0.015082575193324078,0.010099371547405683,post
過程,0.010084299247450993,0.0,-0.010084299247450993,before
注視,0.0023264074235306554,0.012406704667578348,0.010080297244047692,post
持続的,0.013270634468949825,0.023211105654470928,0.009940471185521103,post
経営,0.009887757341667698,0.0,-0.009887757341667698,before
今次,0.0,0.009871817558125969,0.009871817558125969,post
生産,0.0022030659317901886,0.011998122801758517,0.009795056869968328,post
よる,0.009275591855939553,0.01903845848965812,0.009762866633718567,post
目途,0.012195341880438214,0.002464706553668303,-0.009730635326769911,before
会合,0.03382348507565916,0.02414813670515671,-0.009675348370502448,before
撤廃,0.0,0.009642310754795727,0.009642310754795727,post
支出,0.001572478406557209,0.01118182491858236,0.009609346512025151,post
無い,0.021030571665991857,0.011519848461242288,-0.009510723204749568,before
はじめ,0.00946593542582209,0.0,-0.00946593542582209,before
理由,0.0,0.009405565598860544,0.009405565598860544,post
観光,0.009376827377207358,0.0,-0.009376827377207358,before
和らぐ,0.0,0.00934330551220497,0.00934330551220497,post
海外,0.009075488217164836,0.018258832393132272,0.009183344175967436,post
時間,0.009093503475911698,0.0,-0.009093503475911698,before
説明,0.010721544733188542,0.0016731262359289086,-0.009048418497259634,before
減衰,0.004054891254239281,0.013060750554448122,0.009005859300208842,post
増える,0.008973738054259328,0.0,-0.008973738054259328,before
整合,0.012195341880438214,0.003258158196321305,-0.008937183684116909,before
立地,0.008908078372256784,0.0,-0.008908078372256784,before
かける,0.006033166898554825,0.014914179210004161,0.008881012311449336,post
論点,0.008844651312666025,0.0,-0.008844651312666025,before
方向,0.012371320638573002,0.0035551357379602967,-0.008816184900612705,before
形成,0.013249308297190617,0.004594224431904487,-0.00865508386528613,before
高まる,0.010164838729043765,0.01877820576161646,0.008613367032572695,post
良い,0.0086057910967362,0.0,-0.0086057910967362,before
圧力,0.0019828466532034075,0.010488122041462393,0.008505275388258985,post
示す,0.005699282404600791,0.014186192225600167,0.008486909820999377,post
戦略,0.008434684771876136,0.0,-0.008434684771876136,before
操作,0.010122908002503346,0.01847439122705002,0.008351483224546674,post
下押し,0.0,0.008291930982293819,0.008291930982293819,post
アンケート,0.0,0.008235401672784623,0.008235401672784623,post
循環,0.0,0.00821494448706627,0.00821494448706627,post
見極める,0.0,0.008189870805514018,0.008189870805514018,post
幅広い,0.0,0.008109186408650614,0.008109186408650614,post
高める,0.0,0.007979996104242925,0.007979996104242925,post
付利,0.0023949623897278048,0.010371348940454193,0.007976386550726388,post
有る,0.042495040016757316,0.0345403664706631,-0.007954673546094214,before
次回,0.020672944313407347,0.012764727849942356,-0.007908216463464991,before
賃上げ,0.011632585367758824,0.019448431591224884,0.00781584622346606,post
自動車,0.0,0.007780600331354318,0.007780600331354318,post
鈍化,0.002093858884190052,0.009872250303067919,0.007778391418877867,post
強まる,0.0052367884484936745,0.013014100740208381,0.007777312291714707,post
ペース,0.016618488262114456,0.008921188528981064,-0.007697299733133392,before
内田,0.003259629810945348,0.010949195616705825,0.007689565805760477,post
変える,0.007672717762417116,0.0,-0.007672717762417116,before
加える,0.0027257659234258083,0.010388227570314629,0.007662461646888821,post
復する,0.0,0.007634318270205024,0.007634318270205024,post
関わる,0.002284852463458433,0.009908877246990406,0.007624024783531972,post
歴史,0.007598704795443103,0.0,-0.007598704795443103,before
優位性,0.007569442513789995,0.0,-0.007569442513789995,before
掛かる,0.0075531848743622485,0.0,-0.0075531848743622485,before
伝統,0.007532330983065551,0.0,-0.007532330983065551,before
早い,0.007479809990724946,0.0,-0.007479809990724946,before
この先,0.008848949816551443,0.0014050692645538366,-0.007443880551997606,before
蓋然性,0.0,0.007399682881963877,0.007399682881963877,post
設備,0.0021866892552216983,0.009580786931623482,0.007394097676401784,post
不足,0.0073900717898270196,0.0,-0.0073900717898270196,before
ギャップ,0.0,0.007352334176481795,0.007352334176481795,post
傾向,0.00220063677777068,0.009484072045706761,0.007283435267936081,post
齎す,0.002755478960228407,0.010034117974866452,0.007278639014638044,post
果たす,0.0019716521720747515,0.009249585906970018,0.0072779337348952665,post
ダイナミクス,0.0072600587741397885,0.0,-0.0072600587741397885,before
最近,0.002384346819985622,0.009572635013773118,0.007188288193787496,post
剥落,0.0,0.007144730940779651,0.007144730940779651,post
遣る,0.007138707868430428,0.0,-0.007138707868430428,before
全体,0.011973560189343604,0.0048380776527553295,-0.007135482536588275,before
度合い,0.0,0.007086911224376073,0.007086911224376073,post
予想,0.008572622725888159,0.015631146803537978,0.007058524077649819,post
今年度,0.007057111086543009,0.0,-0.007057111086543009,before
ETF,0.010834565120960343,0.017880200007751285,0.007045634886790941,post
供給,0.024307267074365684,0.017271606916756888,-0.007035660157608797,before
情報,0.003742279591785139,0.010765220720732325,0.007022941128947186,post
コロナ禍,0.006977171041770611,0.0,-0.006977171041770611,before
上回る,0.0038743551296248667,0.010830945946507072,0.0069565908168822055,post
脱却,0.006890688990565871,0.0,-0.006890688990565871,before
渡る,0.0031004806229745566,0.00997658776900984,0.006876107146035284,post
可能性,0.002136587785389462,0.009012618706299335,0.006876030920909873,post
含める,0.009668729341576336,0.0028477175242808874,-0.006821011817295448,before
低下,0.010903657909768785,0.004086107227647208,-0.0068175506821215775,before
一方,0.008700406779524172,0.0019154778545982297,-0.006784928924925942,before
実質,0.005697515876007832,0.012473046201520517,0.0067755303255126855,post
プラス,0.0026016940074788724,0.00936172401174126,0.006760030004262388,post
対する,0.001790371506898209,0.008490451979559317,0.006700080472661108,post
下回る,0.0,0.006656273955366675,0.006656273955366675,post
修正,0.00665007414998539,0.0,-0.00665007414998539,before
自動車メーカー,0.0,0.006649576636091488,0.006649576636091488,post
販売,0.0,0.006649576636091488,0.006649576636091488,post
清聴,0.003221385454234664,0.009846516828852766,0.0066251313746181015,post
人口,0.006624721109033083,0.0,-0.006624721109033083,before
金融,0.05680664572091987,0.05020125441983774,-0.006605391301082127,before
タイト,0.006585102575777089,0.0,-0.006585102575777089,before
安定的,0.0276371362370776,0.021055018766781244,-0.006582117470296356,before
公表,0.0021695808838289978,0.008747845938408164,0.0065782650545791665,post
実際,0.005133583930563408,0.011703730339830135,0.006570146409266727,post
半ば,0.0,0.006538265137346004,0.006538265137346004,post
余地,0.006537658644042045,0.0,-0.006537658644042045,before
見直す,0.0016848254013396868,0.008219234905848933,0.006534409504509247,post
連関,0.0,0.006534268555541778,0.006534268555541778,post
国際,0.0,0.006522017346147084,0.006522017346147084,post
巡る,0.011873172668051862,0.018385479709005115,0.006512307040953253,post
家計,0.0018737502059590694,0.008366674674406566,0.006492924468447497,post
感じる,0.0064818831024149514,0.0,-0.0064818831024149514,before
背景,0.0025228607575713095,0.008990588436320062,0.006467727678748753,post
新陳代謝,0.006379265916794898,0.0,-0.006379265916794898,before
一時的,0.0,0.006321788138363602,0.006321788138363602,post
見方,0.006299047515133278,0.0,-0.006299047515133278,before
念頭,0.0,0.006291020156457421,0.006291020156457421,post
小さい,0.006250223959660758,0.0,-0.006250223959660758,before
人材,0.007840223459239192,0.0016199511552396964,-0.0062202723039994955,before
安定,0.023477941892068935,0.029680902864440264,0.00620296097237133,post
目標,0.022677666408381363,0.028851396960687142,0.00617373055230578,post
結果,0.005452996145088544,0.011600929107548045,0.0061479329624595,post
振り返る,0.0,0.006132228705650013,0.006132228705650013,post
多角的,0.0,0.006125934442730171,0.006125934442730171,post
コントロール,0.008304973541988277,0.002184703630184479,-0.0061202699118037985,before
CP,0.008456218904038736,0.01457074341696062,0.0061145245129218834,post
望ましい,0.007829715205954494,0.0017213022593423172,-0.006108412946612176,before
欧米,0.0060690717425127124,0.0,-0.0060690717425127124,before
見える,0.0060473935583793366,0.0,-0.0060473935583793366,before
米国,0.0059770513261161356,0.0,-0.0059770513261161356,before
買い入れ,0.05133277819099535,0.05726982230223024,0.005937044111234892,post
作る,0.005926741649529301,0.0,-0.005926741649529301,before
工場,0.005844074708047101,0.0,-0.005844074708047101,before
マネタリー,0.011967767400058112,0.006125485757844309,-0.005842281642213803,before
工芸,0.0057674993292288045,0.0,-0.0057674993292288045,before
代表,0.005767284826300009,0.0,-0.005767284826300009,before
前後,0.007343983882144511,0.0016262694468777608,-0.00571771443526675,before
大企業,0.0024198057907249947,0.008111988145391246,0.005692182354666252,post
進める,0.01228013701116847,0.006600399583425526,-0.005679737427742945,before
背後,0.0020252818591828875,0.00769714306439796,0.005671861205215073,post
短観,0.0,0.0056325522718748055,0.0056325522718748055,post
レビュー,0.0,0.00562152563918242,0.00562152563918242,post
選ぶ,0.005609556393073358,0.0,-0.005609556393073358,before
競争,0.0055464738800706905,0.0,-0.0055464738800706905,before
得る,0.005483646644147649,0.0,-0.005483646644147649,before
積極,0.0,0.005436784319901246,0.005436784319901246,post
活用,0.007050419953676703,0.0016411771056127013,-0.005409242848064002,before
数字,0.005399594470661017,0.0,-0.005399594470661017,before
消費,0.005320836750495143,0.010715493286551324,0.005394656536056181,post
個人,0.005320836750495143,0.010715493286551324,0.005394656536056181,post
向ける,0.00608323923970064,0.01132241942044315,0.005239180180742509,post
エコノミスト,0.005188136915255783,0.0,-0.005188136915255783,before
ケース,0.005175359310740303,0.0,-0.005175359310740303,before
上下,0.0,0.005115676207118753,0.005115676207118753,post
無理,0.005082301909306035,0.0,-0.005082301909306035,before
商品,0.006537003096122311,0.001472424021942284,-0.005064579074180027,before
問題,0.01022321083039203,0.005175331347395296,-0.005047879482996734,before
モデル,0.0016455108470582091,0.006686473074196361,0.0050409622271381516,post
多く,0.006658005068973889,0.0016199511552396964,-0.005038053913734192,before
何度,0.0,0.0050320557923337955,0.0050320557923337955,post
報告,0.005029270848046745,0.0,-0.005029270848046745,before
支店長,0.005029270848046745,0.0,-0.005029270848046745,before
ネットワーク,0.005007813347276703,0.0,-0.005007813347276703,before
社会的,0.004999658102214295,0.0,-0.004999658102214295,before
企業,0.03144615628680489,0.036418065235049264,0.004971908948244376,post
転換,0.004944323527486849,0.0,-0.004944323527486849,before
御座る,0.008081844920800644,0.012998394728052032,0.004916549807251388,post
殆ど,0.0,0.004912365206754675,0.004912365206754675,post
機能,0.004880384652603861,0.0,-0.004880384652603861,before
次ぐ,0.004863990174406598,0.0,-0.004863990174406598,before
転嫁,0.009773364599430475,0.014620142308863248,0.004846777709432773,post
自然,0.007171398815155443,0.0023261079982769017,-0.004845290816878541,before
進む,0.0016455108470582091,0.0064881813073557,0.0048426704602974905,post
今年,0.0,0.004840418829788085,0.004840418829788085,post
伸び,0.0,0.004831884707949757,0.004831884707949757,post
自明,0.00483146517462743,0.0,-0.00483146517462743,before
事務所,0.004803298562288514,0.0,-0.004803298562288514,before
多い,0.006394207740297832,0.0016160303525057217,-0.004778177387792111,before
解消,0.004747542817817131,0.0,-0.004747542817817131,before
世界,0.004737287085359415,0.0,-0.004737287085359415,before
魅力,0.004733760232140978,0.0,-0.004733760232140978,before
業況,0.0,0.00472607146609648,0.00472607146609648,post
需要,0.012313318465781146,0.007600576240466084,-0.004712742225315062,before
作用,0.0,0.004704587235442665,0.004704587235442665,post
困難,0.0,0.004700163922339436,0.004700163922339436,post
一定,0.0016455108470582091,0.006342245473906809,0.004696734626848599,post
用いる,0.0,0.004598817165066232,0.004598817165066232,post
役割,0.004251465917742737,0.008759191270068514,0.004507725352325777,post
範囲,0.004501381133735028,0.0,-0.004501381133735028,before
成る,0.03689385336859142,0.03241432373173062,-0.004479529636860796,before
名目,0.00661308045814451,0.002156569855102078,-0.004456510603042432,before
移行,0.004447922021483215,0.0,-0.004447922021483215,before
問う,0.00444238888826995,0.0,-0.00444238888826995,before
部門,0.0019786545314343404,0.006378755603678539,0.0044001010722441985,post
解除,0.004390198603361086,0.0,-0.004390198603361086,before
中小企業,0.004428100288820316,0.008804771253739496,0.00437667096491918,post
分析,0.0,0.0043711154142204835,0.0043711154142204835,post
長期,0.03233978214310012,0.02798361225916767,-0.004356169883932448,before
短期,0.010042318947504162,0.014369647519351287,0.004327328571847125,post
伸び率,0.0,0.004326169864381069,0.004326169864381069,post
転じる,0.002639589558295586,0.0069639064667145305,0.004324316908418944,post
工夫,0.004297591954372497,0.0,-0.004297591954372497,before
状態,0.00379174262740804,0.00806014722063731,0.004268404593229271,post
課題,0.0,0.00425611617410833,0.00425611617410833,post
qe,0.004236731488316567,0.0,-0.004236731488316567,before
食品,0.016626228604264943,0.012425467211185736,-0.004200761393079207,before
生鮮,0.016626228604264943,0.012425467211185736,-0.004200761393079207,before
リーマン・ショック,0.004195026435857676,0.0,-0.004195026435857676,before
振れ,0.0,0.004175285120451869,0.004175285120451869,post
過ぎる,0.004147778768722493,0.0,-0.004147778768722493,before
慢性的,0.004143908755053381,0.0,-0.004143908755053381,before
やめる,0.004112267484498861,0.0,-0.004112267484498861,before
基本的,0.004101654957640503,0.0,-0.004101654957640503,before
財政,0.004096034833465647,0.0,-0.004096034833465647,before
進展,0.0,0.004092913947583199,0.004092913947583199,post
想定,0.00649137086665742,0.010555079236682762,0.004063708370025342,post
データ,0.004003706883146578,0.008023622509373949,0.004019915626227371,post
引き続く,0.014698655234100135,0.010699570199456249,-0.003999085034643886,before
使う,0.003994963515489667,0.0,-0.003994963515489667,before
基づく,0.0018675829891868696,0.005855188372897568,0.003987605383710699,post
引き下げる,0.003975715827466516,0.0,-0.003975715827466516,before
実現,0.029283449199802795,0.025314491377458913,-0.003968957822343883,before
チャンス,0.003949158183984243,0.0,-0.003949158183984243,before
流れ,0.003926572780044608,0.0,-0.003926572780044608,before
双方向,0.002203408821338876,0.006116438102729289,0.003913029281390413,post
適当,0.0,0.0039037072960272892,0.0039037072960272892,post
生じる,0.0071920847957807794,0.003301941665927887,-0.0038901431298528923,before
参考,0.0038779858094011555,0.0,-0.0038779858094011555,before
根本的,0.0038746445094905366,0.0,-0.0038746445094905366,before
強化,0.0038746445094905366,0.0,-0.0038746445094905366,before
出る,0.0038746445094905366,0.0,-0.0038746445094905366,before
収益,0.007988914963075602,0.011841791695784521,0.0038528767327089194,post
状況,0.01740649585397411,0.013569898180772474,-0.0038365976732016374,before
認識,0.0,0.0038086292415160897,0.0038086292415160897,post
現実,0.003801808157895701,0.0,-0.003801808157895701,before
今回,0.002326769510193613,0.006077852842286573,0.00375108333209296,post
長い,0.0,0.003734411774511169,0.003734411774511169,post
準備,0.0023949623897278048,0.006125485757844309,0.003730523368116504,post
成長,0.010678057252392932,0.006973947465027377,-0.0037041097873655553,before
一言,0.0,0.0036760055451815414,0.0036760055451815414,post
下がる,0.0036717029582035475,0.0,-0.0036717029582035475,before
基準,0.0036587463176728087,0.0,-0.0036587463176728087,before
変革,0.0036407345693868433,0.0,-0.0036407345693868433,before
市場,0.015544540483733127,0.011913336019039072,-0.003631204464694055,before
機会,0.006274914234330638,0.002663430682452765,-0.003611483551877873,before
全国,0.005313350092874243,0.0017106462130456127,-0.0036027038798286297,before
確保,0.005310229106895948,0.0017106462130456127,-0.0035995828938503354,before
生かす,0.005398500470177478,0.0018176715896196904,-0.0035808288805577876,before
示唆,0.0022562074122384206,0.005817016711386752,0.0035608092991483314,post
縮小,0.005576406872098671,0.009120446152334115,0.003544039280235444,post
意見,0.0051726912248168805,0.0016411771056127013,-0.003531514119204179,before
持つ,0.008787817906749902,0.012291687393196596,0.0035038694864466934,post
波及,0.0,0.0034887099834946546,0.0034887099834946546,post
大きい,0.014749277529969485,0.011315394633474618,-0.003433882896494867,before
踏まえる,0.027084844396535787,0.03042826079030942,0.0033434163937736336,post
業績,0.0022650291729546185,0.005572110403126247,0.003307081230171628,post
辿る,0.0,0.003247268206315852,0.003247268206315852,post
労働市場,0.005003606893070067,0.001788473202431977,-0.0032151336906380903,before
低い,0.005659657021250333,0.002456338159034627,-0.0032033188622157065,before
社債,0.017746324907683266,0.01457074341696062,-0.0031755814907226468,before
年度,0.010833798912788597,0.007661248776228296,-0.003172550136560301,before
素地,0.004960732141023631,0.001788473202431977,-0.003172258938591654,before
不連続,0.0035519444990968017,0.006643318816559408,0.0030913743174626066,post
昨年,0.011096373849204458,0.008023196169977482,-0.0030731776792269766,before
エネルギー,0.004794103104286421,0.007846455568812635,0.003052352464526214,post
仕組み,0.0019007613440538403,0.004893980607810708,0.002993219263756868,post
相当,0.009034219247785295,0.006125485757844309,-0.0029087334899409864,before
サービス,0.01234080536419275,0.009496858183550633,-0.002843947180642117,before
方針,0.035566243504823764,0.03840443555639253,0.0028381920515687664,post
以降,0.007059817224423723,0.009795380418605316,0.0027355631941815934,post
利子率,0.005189682793833815,0.002456338159034627,-0.002733344634799188,before
取り組み,0.0028554200440678835,0.005577358310176924,0.0027219382661090408,post
押し上げる,0.0016966753394075608,0.004386042649854688,0.002689367310447127,post
前年比,0.015508087325807067,0.01285484499100227,-0.002653242334804797,before
上がる,0.008580747332470166,0.0059432570613579426,-0.002637490271112223,before
高い,0.015240288020957574,0.017854800400331397,0.0026145123793738234,post
春季,0.004457920665060794,0.007008572089174854,0.00255065142411406,post
副作用,0.004167754870800364,0.0016411771056127013,-0.0025265777651876627,before
話す,0.009839573825801638,0.012337097024154864,0.002497523198353226,post
考え方,0.006466952986652714,0.00895027377212665,0.0024833207854739366,post
中長期的,0.003069077592919733,0.005529185010747394,0.002460107417827661,post
REIT,0.011353941299445999,0.013798231598679007,0.002444290299233008,post
中立的,0.004865790682250604,0.002456338159034627,-0.0024094525232159773,before
含む,0.004117324411421279,0.0017106462130456127,-0.0024066781983756664,before
その後,0.010325130006271065,0.00791859231114595,-0.0024065376951251157,before
労働,0.01052969868696371,0.012919190638423632,0.002389491951459922,post
検討,0.004058527728277498,0.0017106462130456127,-0.0023478815152318854,before
方法,0.004865790682250604,0.0025377906004051378,-0.0023280000818454664,before
強い,0.004089062663219154,0.001788473202431977,-0.002300589460787177,before
抑制,0.0019786545314343404,0.004274009748654317,0.0022953552172199766,post
共通,0.012195341880438214,0.009908877246990406,-0.0022864646334478083,before
担保,0.012195341880438214,0.009908877246990406,-0.0022864646334478083,before
増額,0.012195341880438214,0.009908877246990406,-0.0022864646334478083,before
厳しい,0.003996323135078686,0.0017106462130456127,-0.0022856769220330727,before
慣行,0.004149710709755218,0.006429583840578145,0.002279873130822927,post
押し下げる,0.004712294743266863,0.002456338159034627,-0.002255956584232236,before
聞く,0.005140760326207183,0.0028963758125537275,-0.0022443845136534556,before
中央,0.003955141263630646,0.0017533550118327107,-0.0022017862517979348,before
銀行,0.003955141263630646,0.0017533550118327107,-0.0022017862517979348,before
総合的,0.0025379222276556536,0.004727586904701247,0.0021896646770455932,post
マクロ,0.004339996606728337,0.0065170724449052945,0.002177075838176957,post
各種,0.003878785602827204,0.0017065058991063446,-0.0021722797037208594,before
支援,0.01243879192008545,0.010270567844054978,-0.0021682240760304717,before
潜在,0.00416770898816075,0.006333053969358385,0.002165344981197635,post
議論,0.0019130614138715325,0.0039449041866671565,0.0020318427727956242,post
金融機関,0.004507229570147605,0.006494569924125872,0.0019873403539782666,post
今後,0.005495964561386691,0.007464373053046935,0.0019684084916602434,post
ペント,0.0035791433667413655,0.005529185010747394,0.0019500416440060286,post
アップ,0.0035791433667413655,0.005529185010747394,0.0019500416440060286,post
確実性,0.015149612930319856,0.013238442044090989,-0.0019111708862288666,before
導入,0.005792019701314458,0.0038899153122888544,-0.0019021043890256033,before
次第,0.006555556579023123,0.0084202255407762,0.0018646689617530764,post
減少,0.007298655879186177,0.009137180411037222,0.0018385245318510443,post
交渉,0.006098978434260054,0.007900101217728371,0.0018011227834683176,post
資源,0.00848825542394141,0.010276501855126475,0.0017882464311850654,post
水準,0.013338606508151852,0.015102527234081215,0.001763920725929364,post
高水準,0.004582976922432033,0.002820087444093966,-0.0017628894783380676,before
ベア,0.004753418056554329,0.0030128463509504536,-0.001740571705603875,before
交換,0.0034824323628415755,0.0017533550118327107,-0.0017290773510088649,before
及ぼす,0.0025411150796308267,0.0042478058024214985,0.0017066907227906718,post
本支店,0.004257619954908371,0.005957951224263491,0.00170033126935512,post
日頃,0.0034824323628415755,0.0018275724788376305,-0.001654859884003945,before
後程,0.003217329343884718,0.001615545930032257,-0.001601783413852461,before
消費者,0.012431644371516516,0.014024416962017025,0.0015927725905005088,post
在り方,0.003287759266612217,0.0017533550118327107,-0.0015344042547795064,before
残る,0.0059560323670309655,0.004447801146669342,-0.0015082312203616235,before
異なる,0.005508472198453064,0.004019272345812685,-0.0014891998526403794,before
図表,0.01763735506939098,0.016161219317897275,-0.001476135751493704,before
待つ,0.0033586524451710443,0.001910719106602395,-0.0014479333385686492,before
活動,0.0033586524451710443,0.0019419132649524749,-0.0014167391802185694,before
雇用,0.005856056590600745,0.004447801146669342,-0.0014082554439314027,before
意識,0.003069077592919733,0.0016611375046570245,-0.0014079400882627087,before
生産性,0.0018827495957678747,0.0032879449694462413,0.0014051953736783666,post
向上,0.0018827495957678747,0.0032879449694462413,0.0014051953736783666,post
同時,0.0038150917308872067,0.0052156123328375185,0.0014005206019503118,post
脱炭素,0.0024198057907249947,0.003815911992576351,0.0013961062018513562,post
関係者,0.0030817181712485603,0.0017533550118327107,-0.0013283631594158496,before
寄与,0.006208407739406244,0.005017854359807893,-0.0011905533795983506,before
通じる,0.004062858829823774,0.0052438183809229415,0.0011809595510991677,post
人々,0.0018126466666085993,0.0029704519418022,0.0011578052751936006,post
開始,0.0018126466666085993,0.0029686880948052033,0.001156041428196604,post
知れる,0.0034078040000837507,0.0023037270810544555,-0.0011040769190292952,before
増加,0.020260885601033313,0.0213521579911026,0.0010912723900692867,post
先程,0.002326769510193613,0.003409170308012409,0.0010824007978187961,post
利上げ,0.005246662131932916,0.004166559467123544,-0.001080102664809372,before
支える,0.007869300080672,0.006822180396874114,-0.0010471196837978855,before
促す,0.012478750262728346,0.013499294907016457,0.0010205446442881107,post
段階,0.0018827495957678747,0.002877014756605035,0.0009942651608371602,post
デジタル,0.0025852046048653148,0.001615545930032257,-0.0009696586748330577,before
計画,0.0025852046048653148,0.001615545930032257,-0.0009696586748330577,before
見込む,0.0038497816401598987,0.004808109367656323,0.0009583277274964239,post
仕舞う,0.003275580866764125,0.004208601256986641,0.0009330203902225163,post
人件費,0.004636231558432765,0.005508610061973302,0.0008723785035405374,post
マインド,0.002485422262876057,0.001631722276283595,-0.0008536999865924621,before
効果,0.005122345590071358,0.004284756655139757,-0.0008375889349316002,before
定着,0.0041991077100870956,0.005016496322399025,0.0008173886123119291,post
関係,0.004405505216842523,0.0052156123328375185,0.0008101071159949957,post
行く,0.03979283276694812,0.03898881055245214,-0.0008040222144959849,before
提供,0.0025461138749941405,0.0017533550118327107,-0.0007927588631614299,before
規模,0.002229517888730987,0.0030128463509504536,0.0007833284622194665,post
事業,0.0026899370478642463,0.0019419132649524749,-0.0007480237829117714,before
参る,0.002485422262876057,0.0032308720554651347,0.0007454497925890777,post
呼ぶ,0.0018827495957678747,0.002624234037368822,0.0007414844416009474,post
材料,0.00248580909892382,0.0017533550118327107,-0.0007324540870911093,before
業種,0.0025379222276556536,0.003237972524307433,0.0007000502966517793,post
幾つ,0.002043823184276733,0.002711253924384415,0.0006674307401076823,post
徐々,0.01038340723869442,0.009730197477510763,-0.0006532097611836561,before
弱い,0.002284852463458433,0.001631722276283595,-0.0006531301871748382,before
詳しい,0.003217329343884718,0.003837312953185623,0.000619983609300905,post
販売価格,0.007044670781910204,0.007646983207830066,0.0006023124259198617,post
グローバル化,0.0018590562915949483,0.0024611916712996037,0.0006021353797046555,post
企業間,0.0024104239331960917,0.0018275724788376305,-0.0005828514543584611,before
シナリオ,0.002236978541870699,0.0016611375046570245,-0.0005758410372136745,before
推移,0.02237348335901391,0.022943058550369287,0.0005695751913553787,post
市況,0.002229517888730987,0.0016611375046570245,-0.0005683803840739626,before
開催,0.0023178762994124566,0.0017533550118327107,-0.0005645212875797459,before
成長率,0.005549539168677117,0.006043353918776897,0.0004938147500997804,post
品目,0.0026016940074788724,0.0030868598697034177,0.0004851658622245453,post
耐久財,0.002113899729353533,0.001631722276283595,-0.0004821774530699382,before
注目,0.002236978541870699,0.002711253924384415,0.00047427538251371614,post
ばらつき,0.004350066296428473,0.003891966773138929,-0.00045809952328954365,before
社会,0.0022650291729546185,0.002688984510558054,0.0004239553376034354,post
除く,0.016110689460603348,0.016525525640919185,0.00041483618031583694,post
補助金,0.0018590562915949483,0.002264566013849474,0.0004055097222545258,post
点検,0.005762801954873026,0.0061417177224552585,0.00037891576758223265,post
成果,0.002116659535871567,0.0017533550118327107,-0.0003633045240388564,before
労使,0.006356612757553373,0.006687971049208719,0.00033135829165534605,post
反映,0.004703052594382179,0.004374799890009113,-0.0003282527043730662,before
食料品,0.004179878833851392,0.004499397398631988,0.00031951856478059596,post
最後,0.002043823184276733,0.0017533550118327107,-0.0002904681724440223,before
比較,0.0023359701442627273,0.002624234037368822,0.0002882638931060947,post
一環,0.002229517888730987,0.0019419132649524749,-0.00028760462377851225,before
期待,0.0046412094948886096,0.004360768577114801,-0.0002804409177738082,before
申し上げる,0.009529771161327076,0.009808471686338261,0.00027870052501118535,post
貸し出し,0.011642970409846607,0.011890775353228092,0.0002478049433814848,post
前提,0.012531466662181367,0.012747774353841002,0.00021630769165963473,post
コストプッシュ,0.004528506804516097,0.004320425980421489,-0.0002080808240946079,before
頂く,0.008256757889935887,0.008068175348662245,-0.00018858254127364187,before
中心,0.004694879145373466,0.004525470910756379,-0.0001694082346170864,before
通常,0.0017579849736189688,0.0019226505333488305,0.00016466555972986167,post
具体的,0.0023178762994124566,0.002464706553668303,0.00014683025425584655,post
ショック,0.0018590562915949483,0.0019810567626784587,0.00012200047108351045,post
経験,0.0018590562915949483,0.0017533550118327107,-0.00010570127976223761,before
違い,0.0018126466666085993,0.001910719106602395,9.807243999379578e-05,post
把握,0.002485422262876057,0.0024329670083739286,-5.2455254502128436e-05,before
難しい,0.0024104239331960917,0.0024611916712996037,5.076773810351208e-05,post
織り込む,0.0028200110551085417,0.002770280857418162,-4.973019769037969e-05,before
現状,0.0038462375206212104,0.003891966773138929,4.5729252517718536e-05,post
伝統的,0.00458865166072836,0.004633065114540222,4.441345381186231e-05,post
刺激,0.0018827495957678747,0.001910719106602395,2.7969510834520385e-05,post
見直し,0.0019007613440538403,0.0019226505333488305,2.1889189294990253e-05,post
